id,index,lat,lon,yEdId,domain,refName,type
rwy_01_001,0,35.20014184796975,-80.95083164020798,n0,Rwy,RW36C,Entry
ramp_05_001,1,35.22213590060142,-80.94043781921852,n1,Ramp,null,null
ramp_05_003,2,35.22230081092243,-80.93961645194575,n2,Ramp,null,null
ramp_05_002,3,35.22225038263217,-80.9401806167752,n3,Ramp,null,null
ramp_05_004,4,35.22231990043557,-80.93931657838661,n4,Ramp,null,null
ramp_05_005,5,35.22234030373171,-80.93902736626623,n5,Ramp,null,null
ramp_05_008,6,35.22317088910007,-80.93820788002715,n6,Ramp,null,null
ramp_05_006,7,35.2223662041992,-80.93855753415788,n7,Ramp,null,null
ramp_05_007,8,35.22297709312093,-80.93819149485404,n8,Ramp,null,null
ramp_05_009,9,35.22339619071818,-80.93822864187119,n9,Ramp,null,null
ramp_05_010,10,35.22365392399829,-80.93825349673011,n10,Ramp,null,null
ramp_05_011,11,35.22393732391016,-80.93827507333842,n11,Ramp,null,null
ramp_05_012,12,35.22442677706771,-80.93864034873502,n12,Ramp,null,null
ramp_05_013,13,35.2240551723992,-80.93920223658249,n13,Ramp,null,null
ramp_05_014,14,35.22379559829755,-80.93948309599061,n14,Ramp,null,null
ramp_05_015,15,35.22472056052482,-80.94179977626717,n15,Ramp,null,null
ramp_05_016,16,35.22419925598901,-80.94175767870789,n16,Ramp,null,null
ramp_05_017,17,35.22397364181329,-80.9417352384294,n17,Ramp,null,null
ramp_05_020,18,35.22311499751498,-80.94182446764532,n18,Ramp,null,null
ramp_05_018,19,35.2237493244118,-80.94171721084601,n19,Ramp,null,null
ramp_05_019,20,35.22351837919398,-80.94169840864517,n20,Ramp,null,null
rwy_01_002,21,35.20096476349902,-80.95089575656677,n21,Rwy,RW36L,Entry
rwy_01_003,22,35.20410285580935,-80.95115514563446,n22,Rwy,null,null
rwy_01_004,23,35.20752870202896,-80.95145599011741,n23,Rwy,null,null
rwy_01_005,24,35.21368573241221,-80.95198718133304,n24,Rwy,null,null
rwy_01_006,25,35.21868418985044,-80.95241251461289,n25,Rwy,null,null
rwy_01_007,26,35.22328508418411,-80.95280596962284,n26,Rwy,null,null
rwy_01_008,27,35.22643960538454,-80.95308484735324,n27,Rwy,RW18R,Entry
rwy_01_009,28,35.22725011653824,-80.95316102396322,n28,Rwy,RW18C,Entry
rwy_02_03,29,35.21930595567708,-80.93569269344862,n29,Rwy,null,null
rwy_02_001,30,35.20109992486593,-80.9341257021914,n30,Rwy,RW36R,Entry
rwy_02_002,31,35.20214538529222,-80.93421761681213,n31,Rwy,null,null
rwy_02_003,32,35.20378516865124,-80.93436023631531,n32,Rwy,null,null
rwy_02_004,33,35.20780267392879,-80.93470354777932,n33,Rwy,null,null
rwy_02_005,34,35.21000509727436,-80.93489041165732,n34,Rwy,null,null
rwy_02_006,35,35.21216855948944,-80.93507999156867,n35,Rwy,null,null
rwy_02_007,36,35.21449327512003,-80.93527734627571,n36,Rwy,null,null
rwy_02_008,37,35.21574340126549,-80.93538657106544,n37,Rwy,null,null
rwy_02_009,38,35.21777757998666,-80.93556204295642,n38,Rwy,null,null
rwy_02_010,39,35.2207000479046,-80.93581338767707,n39,Rwy,null,null
rwy_02_011,40,35.22404645271111,-80.93609383061977,n40,Rwy,null,null
rwy_02_012,41,35.22509223840402,-80.93618868701493,n41,Rwy,RW18L,Entry
rwy_03_001,42,35.20921103710885,-80.94959115312462,n42,Rwy,RW05 ,Entry
rwy_03_002,43,35.20984162082092,-80.94872027935538,n43,Rwy,null,null
rwy_03_003,44,35.21364995181067,-80.94346724274406,n44,Rwy,null,null
rwy_03_004,45,35.21660090868027,-80.9394109131858,n45,Rwy,null,null
rwy_03_005,46,35.21708559522955,-80.9387514309844,n46,Rwy,null,null
rwy_03_006,47,35.21839477981867,-80.9369507817885,n47,Rwy,null,null
rwy_03_007,48,35.22066144719982,-80.93383005338956,n48,Rwy,null,null
rwy_03_008,49,35.221822373666,-80.93223865814511,n49,Rwy,null,null
rwy_03_009,50,35.22253109669359,-80.93125391614771,n50,Rwy,RW23 ,Entry
gate_01_001,51,35.22068150757788,-80.9467690988211,n51,Gate,null,null
gate_01_002,52,35.22064771974193,-80.94725460811888,n52,Gate,null,null
gate_01_003,53,35.22057611334941,-80.9477393617846,n53,Gate,null,null
gate_01_004,54,35.22057170031893,-80.94822802907743,n54,Gate,null,null
gate_01_005,55,35.2205467565718,-80.94868027423112,n55,Gate,null,null
gate_01_006,56,35.22011335598747,-80.94887483119305,n56,Gate,null,null
gate_01_007,57,35.21992887697235,-80.9486833599573,n57,Gate,null,null
gate_01_008,58,35.21977038827881,-80.94827633012521,n58,Gate,null,null
gate_01_009,59,35.21985044480228,-80.94794609308951,n59,Gate,null,null
gate_01_010,60,35.21991517976328,-80.9474986340172,n60,Gate,null,null
gate_01_011,61,35.21985936854095,-80.94688595363836,n61,Gate,null,null
gate_01_012,62,35.21990483004831,-80.94656320735169,n62,Gate,null,null
gate_01_013,63,35.22010377282902,-80.94643853431938,n63,Gate,null,null
gate_02_001,64,35.21989737380699,-80.94547989162696,n64,Gate,null,null
gate_02_002,65,35.21954966863324,-80.94553150981183,n65,Gate,null,null
gate_02_003,66,35.21917136544379,-80.94565037853233,n66,Gate,null,null
gate_02_004,67,35.21879402335985,-80.94569642612728,n67,Gate,null,null
gate_02_005,68,35.21834090738427,-80.94579836554205,n68,Gate,null,null
gate_02_006,69,35.21796750814823,-80.94578326330169,n69,Gate,null,null
gate_02_007,70,35.2176835530415,-80.94585987500079,n70,Gate,null,null
gate_02_008,71,35.21756247844061,-80.9455608838634,n71,Gate,null,null
gate_02_009,72,35.21751885625354,-80.945231179811,n72,Gate,null,null
gate_02_010,73,35.21765238396559,-80.94494683388629,n73,Gate,null,null
gate_02_011,74,35.21793800343793,-80.94486259847172,n74,Gate,null,null
gate_02_012,75,35.21834595011865,-80.94479853762704,n75,Gate,null,null
gate_02_013,76,35.21878546901055,-80.94477859852174,n76,Gate,null,null
gate_02_014,77,35.21921563603337,-80.94475655913473,n77,Gate,null,null
gate_02_015,78,35.21954862252594,-80.94461910125739,n78,Gate,null,null
gate_02_016,79,35.21989590334277,-80.94451470816107,n79,Gate,null,null
gate_03_001,80,35.21983480356359,-80.94324185309479,n80,Gate,null,null
gate_03_002,81,35.21953835956304,-80.94310153954551,n81,Gate,null,null
gate_03_003,82,35.2192498198841,-80.94297574187325,n82,Gate,null,null
gate_03_004,83,35.21895732806996,-80.94287171742512,n83,Gate,null,null
gate_03_005,84,35.21867274092131,-80.942789464882,n84,Gate,null,null
gate_03_006,85,35.21828736204401,-80.94274833721997,n85,Gate,null,null
gate_03_007,86,35.217986964342,-80.94265882941434,n86,Gate,null,null
gate_03_008,87,35.21770040091599,-80.94262496075534,n87,Gate,null,null
gate_03_009,88,35.21758775252051,-80.94231531920481,n88,Gate,null,null
gate_03_010,89,35.21762530219872,-80.9420419645485,n89,Gate,null,null
gate_03_011,90,35.21775376089735,-80.94174199934653,n90,Gate,null,null
gate_03_012,91,35.21797708233102,-80.94161136759575,n91,Gate,null,null
gate_03_013,92,35.21820831010584,-80.94172990136673,n92,Gate,null,null
gate_03_014,93,35.21857195100223,-80.9418677890046,n93,Gate,null,null
gate_03_015,94,35.21894151930226,-80.94201051511335,n94,Gate,null,null
gate_03_016,95,35.21930713573149,-80.9422427495853,n95,Gate,null,null
gate_03_017,96,35.2197221582622,-80.94237338181499,n96,Gate,null,null
gate_03_018,97,35.22007986890675,-80.9424507952584,n97,Gate,null,null
gate_04_001,98,35.22017419038128,-80.94150556009208,n98,Gate,null,null
gate_04_002,99,35.22018076201359,-80.94107738841916,n99,Gate,null,null
gate_04_003,100,35.22012026493987,-80.94050756847243,n100,Gate,null,null
gate_04_004,101,35.22019784364088,-80.94010354171611,n101,Gate,null,null
gate_04_005,102,35.22024780541033,-80.93966088235778,n102,Gate,null,null
gate_04_006,103,35.22026489294987,-80.9393003169306,n103,Gate,null,null
gate_04_007,104,35.22041348006458,-80.93898320731856,n104,Gate,null,null
gate_04_008,105,35.22070540963225,-80.93896065984688,n105,Gate,null,null
gate_04_009,106,35.22104073986899,-80.93916507557029,n106,Gate,null,null
gate_04_010,107,35.22111307134466,-80.93943388964645,n107,Gate,null,null
gate_04_011,108,35.22105653489832,-80.93984114039255,n108,Gate,null,null
gate_04_012,109,35.22109730836845,-80.94032565288109,n109,Gate,null,null
gate_04_013,110,35.22108153510361,-80.94083109265156,n110,Gate,null,null
gate_04_014,111,35.22098685824138,-80.94114015228132,n111,Gate,null,null
gate_05_001,112,35.2215495126148,-80.94147055586643,n112,Gate,null,null
gate_05_002,113,35.22179647885532,-80.94128323070458,n113,Gate,null,null
gate_05_003,114,35.22202223402763,-80.94109961326754,n114,Gate,null,null
gate_05_004,115,35.22225404999451,-80.94109033663585,n115,Gate,null,null
gate_05_005,116,35.22246768274052,-80.9408436592474,n116,Gate,null,null
gate_05_006,117,35.22256464846647,-80.94055617819139,n117,Gate,null,null
gate_05_007,118,35.22275706673182,-80.94026498555911,n118,Gate,null,null
gate_05_008,119,35.22274342392536,-80.9398754971812,n119,Gate,null,null
gate_05_009,120,35.2227456569047,-80.93965748359871,n120,Gate,null,null
gate_05_010,121,35.2227672898324,-80.93937233719996,n121,Gate,null,null
gate_05_011,122,35.22272909635068,-80.93910433255621,n122,Gate,null,null
gate_05_012,123,35.22277873232153,-80.93884099933706,n123,Gate,null,null
gate_05_013,124,35.22299003133494,-80.93877710524875,n124,Gate,null,null
gate_05_014,125,35.22317842079448,-80.93880047011065,n125,Gate,null,null
gate_05_015,126,35.22337317613769,-80.93885811535792,n126,Gate,null,null
gate_05_016,127,35.22362139024602,-80.93881759233858,n127,Gate,null,null
gate_05_017,128,35.22391147685675,-80.93883667862968,n128,Gate,null,null
gate_05_018,129,35.2233346209943,-80.93916241557497,n129,Gate,null,null
gate_05_019,130,35.22328238132929,-80.93950605520858,n130,Gate,null,null
gate_05_020,131,35.22337325538485,-80.93988742731324,n131,Gate,null,null
gate_05_021,132,35.22373381122892,-80.94001155079751,n132,Gate,null,null
gate_05_022,133,35.22402997843206,-80.9399110531759,n133,Gate,null,null
gate_05_023,134,35.22431327195289,-80.93993469000566,n134,Gate,null,null
gate_05_024,135,35.22443644756164,-80.94103363987493,n135,Gate,null,null
gate_05_025,136,35.22425676771673,-80.94105089365699,n136,Gate,null,null
gate_05_026,137,35.22402776399814,-80.94102933298637,n137,Gate,null,null
gate_05_027,138,35.2238022837766,-80.94101639794646,n138,Gate,null,null
gate_05_028,139,35.22356271105579,-80.94099483767444,n139,Gate,null,null
gate_05_029,140,35.22328054382495,-80.94089060760624,n140,Gate,null,null
gate_05_030,141,35.22286753787969,-80.94128094499823,n141,Gate,null,null
gate_05_031,142,35.22249401021985,-80.94161551575783,n142,Gate,null,null
txy_E_001,143,35.2001833942551,-80.94981314509586,n143,Txy,null,null
txy_E_002,144,35.2003983872922,-80.94888192917722,n144,Txy,null,null
txy_E_003,145,35.20106043824311,-80.94888713113183,n145,Txy,null,null
txy_E_004,146,35.20421017758473,-80.94915613017393,n146,Txy,null,null
txy_E_005,147,35.20595368100324,-80.94930326569678,n147,Txy,null,null
txy_E_006,148,35.20507928051212,-80.94923792425655,n148,Txy,null,null
txy_E_007,149,35.20785546380105,-80.94946902850039,n149,Txy,null,null
txy_E_008,150,35.20839866035978,-80.94952164798057,n150,Txy,null,null
txy_E_009,151,35.21053968414602,-80.94969942686603,n151,Txy,null,null
txy_E_010,152,35.21162263734686,-80.94979647971627,n152,Txy,null,null
txy_E_011,153,35.21269288447374,-80.94988734391863,n153,Txy,null,null
txy_E_012,154,35.21600999879262,-80.95017510479667,n154,Txy,null,null
txy_E_013,155,35.21652301052874,-80.9502110382631,n155,Txy,null,null
txy_E_014,156,35.217406026258,-80.95028893838695,n156,Txy,null,null
txy_E_015,157,35.21865807383331,-80.95039846685286,n157,Txy,null,null
txy_E_016,158,35.22115446173113,-80.95062051335358,n158,Txy,null,null
txy_E_017,159,35.22338406939309,-80.95081393540411,n159,Txy,null,null
txy_E_018,160,35.22653182258625,-80.95107788756101,n160,Txy,null,null
txy_E_019,161,35.22727350006357,-80.95123354534672,n161,Txy,null,null
txy_E_020,162,35.22731152182629,-80.95213670014834,n162,Txy,null,null
parking_A_001,163,35.20866020531264,-80.93741410080287,n163,Park,null,null
parking_A_002,164,35.20621666666667,-80.9372059487373,n164,Park,null,null
parking_A_003,165,35.20393101732879,-80.93701701186276,n165,Park,null,null
parking_B_001,166,35.21214691926111,-80.9418171074756,n166,Park,null,null
parking_B_002,167,35.2116064729029,-80.94131523945933,n167,Park,null,null
parking_B_003,168,35.21425033268788,-80.93809685863356,n168,Park,null,null
parking_C_001,169,35.21197763946486,-80.93720235159604,n169,Park,null,null
txy_C_001,170,35.20104678998668,-80.93498815457482,n170,Txy,null,null
txy_C_002,171,35.20208725783324,-80.93555502815806,n171,Txy,null,null
txy_C_003,172,35.20371635164052,-80.93568712339271,n172,Txy,null,null
txy_C_004,173,35.20515093755429,-80.93582772322188,n173,Txy,null,null
txy_C_005,174,35.20687941600777,-80.93596677270266,n174,Txy,null,null
txy_C_006,175,35.20772392265423,-80.93603186937065,n175,Txy,null,null
txy_C_007,176,35.20940435824583,-80.93618977818196,n176,Txy,null,null
ramp_C_001,177,35.21211136401726,-80.93641862129468,n177,Ramp,null,null
txy_C_009,178,35.21404017441451,-80.93657528618428,n178,Txy,null,null
txy_C_R,179,35.21566573888303,-80.93671694026459,n179,Txy,null,null
txy_C_A,180,35.21665590614185,-80.93679548812182,n180,Txy,null,null
txy_C_012,181,35.21730310970791,-80.93685474966394,n181,Txy,null,null
txy_C_013,182,35.2193624526525,-80.93703608764758,n182,Txy,null,null
txy_C_M,183,35.21978514525703,-80.93707030603963,n183,Txy,null,null
txy_C_015,184,35.22187561737704,-80.93725543855729,n184,Txy,null,null
txy_C_016,185,35.22398600945948,-80.93743178582412,n185,Txy,null,null
txy_C_017,186,35.22502391602698,-80.9375167687308,n186,Txy,null,null
txy_C_018,187,35.22504155789581,-80.9371384877603,n187,Txy,null,null
txy_F_001,188,35.20894358409663,-80.9486675174612,n188,Txy,null,null
txy_F_002,189,35.21070988787346,-80.94882759501647,n189,Txy,null,null
txy_F_003,190,35.21201250565083,-80.94893214295654,n190,Txy,null,null
txy_F_004,191,35.21284471719082,-80.94899930910684,n191,Txy,null,null
txy_F_005,192,35.21548845780546,-80.94920616253344,n192,Txy,null,null
txy_F_006,193,35.21605132290403,-80.94924876395491,n193,Txy,null,null
HardStand_01,194,35.21801830178366,-80.94929380854038,n194,Unknown,null,null
HardStand_02,195,35.2169309578465,-80.94920922895999,n195,Unknown,null,null
HardStand_003,196,35.21747673487675,-80.94804022770052,n196,Unknown,null,null
txy_A_001,197,35.20832878572135,-80.94879390646813,n197,Txy,null,null
txy_A_002,198,35.20860660948554,-80.94842810080847,n198,Txy,null,null
txy_A_003,199,35.21078664089387,-80.94540410395729,n199,Txy,null,null
txy_A_004,200,35.21274683830234,-80.94266449745822,n200,Txy,null,null
txy_A_005,201,35.21295408380414,-80.94173135311149,n201,Txy,null,null
txy_A_006,202,35.21416202757513,-80.93989825784962,n202,Txy,null,null
txy_A_G,203,35.21536076520537,-80.93805936968,n203,Txy,null,null
txy_A_008,204,35.21706803479512,-80.93635201666409,n204,Txy,null,null
txy_A_009,205,35.21843183922502,-80.93484545582439,n205,Txy,null,null
txy_A_D,206,35.21886535707588,-80.93428619081446,n206,Txy,null,null
txy_A_011,207,35.22059083127856,-80.93190480451396,n207,Txy,null,null
txy_A_012,208,35.22099708902933,-80.93135268902275,n208,Txy,null,null
txy_A_013,209,35.22154034917611,-80.93061403263964,n209,Txy,null,null
txy_A_014,210,35.221952832101,-80.93060918275395,n210,Txy,null,null
txy_A_R,211,35.21612026603812,-80.93740745084851,n211,Txy,null,null
txy_M2_001,212,35.21351052824409,-80.94496694490009,n212,Txy,null,null
txy_M_C10,213,35.22050144314877,-80.93607791011533,n213,Txy,null,null
txy_M_001,214,35.2125064872226,-80.94829672899893,n214,Txy,null,null
txy_M_002,215,35.21335062418297,-80.9459775214636,n215,Txy,null,null
txy_M_B,216,35.21448311582672,-80.94434016804874,n216,Txy,null,null
spot_06,217,35.21610847903915,-80.94211663183867,n217,Spot,null,null
txy_M_005,218,35.21741831754289,-80.9403146298324,n218,Txy,null,null
txy_M_006,219,35.21791160097076,-80.93964236832515,n219,Txy,null,null
txy_M_007,220,35.21856532269297,-80.93873870401742,n220,Txy,null,null
txy_M_008,221,35.22004670934376,-80.93670814352777,n221,Txy,null,null
txy_M_009,222,35.22132224680144,-80.93495594000223,n222,Txy,null,null
txy_M_010,223,35.22199059753842,-80.93402213305059,n223,Txy,null,null
txy_M_011,224,35.22315475906887,-80.9324029614452,n224,Txy,null,null
parking_D_001,225,35.20820051576155,-80.94518065749868,n225,Park,null,null
parking_D_002,226,35.20918793387743,-80.94234002590431,n226,Park,null,null
txy_E14_001,227,35.21608494232999,-80.9486702037681,n227,Txy,null,null
txy_E14_002,228,35.21615552482371,-80.94725230039843,n228,Txy,null,null
txy_E14_003,229,35.2167860904623,-80.9436925180576,n229,Txy,null,null
txy_E14_004,230,35.21669653183868,-80.94211338616755,n230,Txy,null,null
txy_E14_005,231,35.21819769561639,-80.93995576427491,n231,Txy,null,null
txy_E14_006,232,35.21874405692161,-80.93920130790778,n232,Txy,null,null
txy_E14_007,233,35.21930481189357,-80.93901095703738,n233,Txy,null,null
txy_E14_011,234,35.22443499759173,-80.9383220801892,n234,Txy,null,null
txy_E14_012,235,35.22497928994569,-80.93801924393131,n235,Txy,null,null
gate_01_005b,236,35.22032352918621,-80.94883392783203,n236,Gate,null,null
txy_E15_001,237,35.21570522326783,-80.94555266744281,n237,Txy,null,null
txy_E15_002,238,35.21642543213201,-80.94340348885216,n238,Txy,null,null
txy_E11_001,239,35.22122647773729,-80.94972273429184,n239,Txy,null,null
ramp_01_001,240,35.22140467033262,-80.94683497682381,n240,Ramp,null,null
ramp_01_002,241,35.22137278974721,-80.94732360182236,n241,Ramp,null,null
ramp_01_003,242,35.22131830018386,-80.94830402166252,n242,Ramp,null,null
ramp_01_004,243,35.22128467220743,-80.9487901660998,n243,Ramp,null,null
ramp_01_005,244,35.22133991710114,-80.94782836580268,n244,Ramp,null,null
ramp_01_006,245,35.22088766490657,-80.94970068374062,n245,Ramp,null,null
ramp_01_007,246,35.22014072324229,-80.94963823617394,n246,Ramp,null,null
ramp_01_008,247,35.21953879365399,-80.94958720434744,n247,Ramp,null,null
ramp_01_009,248,35.2192031873663,-80.94892759665365,n248,Ramp,null,null
ramp_01_010,249,35.2192426189598,-80.94803283646883,n249,Ramp,null,null
ramp_01_011,250,35.2192635832672,-80.94755310734583,n250,Ramp,null,null
ramp_01_012,251,35.2193106704795,-80.94658228139218,n251,Ramp,null,null
ramp_01_013,252,35.21999290087486,-80.9459807897404,n252,Ramp,null,null
ramp_01_014,253,35.21964790779288,-80.94606948734643,n253,Ramp,null,null
ramp_02_002,254,35.21877796031399,-80.94749061765768,n254,Ramp,null,null
ramp_02_003,255,35.217496330282636,-80.94737239297794,n255,Ramp,null,null
ramp_02_004,256,35.21696656115786,-80.94732790888258,n256,Ramp,null,null
ramp_02_005,257,35.21620708812429,-80.94638771188501,n257,Ramp,null,null
ramp_02_006,258,35.2162691449262,-80.94520815548117,n258,Ramp,null,null
ramp_02_007,259,35.21650700968743,-80.94422625856956,n259,Ramp,null,null
ramp_02_008,260,35.21776094814163,-80.94378177423107,n260,Ramp,null,null
ramp_02_009,261,35.21825621343658,-80.94382349100442,n261,Ramp,null,null
ramp_02_010,262,35.21859384004061,-80.94385096528053,n262,Ramp,null,null
ramp_02_011,263,35.21886213566768,-80.94387823777453,n263,Ramp,null,null
ramp_02_012,264,35.21918480106411,-80.94390739161292,n264,Ramp,null,null
ramp_02_013,265,35.21942636640208,-80.94392618671007,n265,Ramp,null,null
ramp_02_014,266,35.21971719338894,-80.94394943280433,n266,Ramp,null,null
ramp_03_001,267,35.21712224639094,-80.94372677981505,n267,Ramp,null,null
ramp_03_002,268,35.21672979883238,-80.94272843048655,n268,Ramp,null,null
ramp_03_003,269,35.216951693445,-80.94166806651612,n269,Ramp,null,null
ramp_03_004,270,35.2172657787854,-80.9412381802092,n270,Ramp,null,null
ramp_03_005,271,35.21770506511999,-80.94064032175564,n271,Ramp,null,null
ramp_03_006,272,35.21867869557067,-80.94048257360818,n272,Ramp,null,null
ramp_03_007,273,35.21898516111848,-80.94081992130455,n273,Ramp,null,null
ramp_03_008,274,35.21921134546211,-80.94106228393937,n274,Ramp,null,null
ramp_03_009,275,35.21944936331664,-80.9413834085087,n275,Ramp,null,null
ramp_03_010,276,35.21967163666721,-80.94166379849179,n276,Ramp,null,null
ramp_03_011,277,35.2200415155209,-80.94177537420329,n277,Ramp,null,null
ramp_04_001,278,35.21878009743959,-80.93997989980039,n278,Ramp,null,null
ramp_04_002,279,35.2195284900595,-80.93868326851351,n279,Ramp,null,null
ramp_04_003,280,35.21998615563374,-80.9380760583887,n280,Ramp,null,null
ramp_04_004,281,35.22082134431882,-80.93800813376058,n281,Ramp,null,null
ramp_04_005,282,35.22179671785804,-80.93936510459145,n282,Ramp,null,null
ramp_04_006,283,35.22188259864029,-80.93809564820619,n283,Ramp,null,null
ramp_04_007,284,35.22176881521849,-80.93990104280854,n284,Ramp,null,null
ramp_04_008,285,35.22173742793655,-80.94038816010352,n285,Ramp,null,null
ramp_04_009,286,35.22131150274485,-80.9411894706017,n286,Ramp,null,null
ramp_04_010,287,35.22149898447174,-80.94081162954183,n287,Ramp,null,null
txy_EE_001,288,35.22518844003829,-80.93989734316861,n288,Txy,null,null
txy_EE_002,289,35.22512194909373,-80.94139205621543,n289,Txy,null,null
txy_E2_001,290,35.2010041996087,-80.9498797317406,n290,Txy,null,null
txy_E3_001,291,35.20415418484041,-80.9501659474532,n291,Txy,null,null
txy_E4_001,292,35.20596863611632,-80.9502569265756,n292,Txy,null,null
txy_E5_001,293,35.21200351716394,-80.95076855181982,n293,Txy,null,null
txy_E6_001,294,35.21552866527046,-80.95107516738395,n294,Txy,null,null
txy_E7_001,295,35.21722382994523,-80.95116363466374,n295,Txy,null,null
txy_E8_001,296,35.22018872442173,-80.95147515461338,n296,Txy,null,null
txy_E9_001,297,35.22333863036082,-80.95180177716207,n297,Txy,null,null
txy_E10_001,298,35.22649536249887,-80.95206067239405,n298,Txy,null,null
txy_E11_002,299,35.22120735874794,-80.95004453019997,n299,Txy,null,null
txy_E_005b,300,35.20651349305243,-80.9493525077527,n300,Txy,null,null
txy_E4_002,301,35.20602501481604,-80.94840627386651,n301,Txy,null,null
txy_E4_003,302,35.20696144395129,-80.94704390162607,n302,Txy,null,null
ramp_D_001,303,35.20749618001322,-80.94627543778707,n303,Ramp,null,null
ramp_D_002,304,35.20921090818322,-80.94368507407809,n304,Ramp,null,null
ramp_B_001,305,35.21252318452434,-80.94125795981677,n305,Ramp,null,null
ramp_B_002,306,35.21198706203067,-80.94068497203158,n306,Ramp,null,null
ramp_B_003,307,35.21369298333667,-80.93934957620685,n307,Ramp,null,null
ramp_A_001,308,35.20936144084005,-80.9374781948323,n308,Ramp,null,null
ramp_A_002,309,35.20764022662342,-80.93731113173092,n309,Ramp,null,null
ramp_A_003,310,35.20508916759727,-80.93711988166277,n310,Ramp,null,null
txy_C2_001,311,35.20210407070861,-80.93507748595678,n311,Txy,null,null
txy_C3_001,312,35.20374645931806,-80.93520999486914,n312,Txy,null,null
txy_C3_002,313,35.20369449875552,-80.93613936393221,n313,Txy,null,null
txy_C3_004,314,35.20512179870263,-80.93635442851019,n314,Txy,null,null
txy_C4_001,315,35.20775774672266,-80.93555313706432,n315,Txy,null,null
txy_D2_001,316,35.20786562385504,-80.93368763152371,n316,Txy,null,null
parking_E_001,317,35.20798018866288,-80.9317241322683,n317,Park,null,null
ramp_E_001,318,35.20794147122962,-80.93247593031685,n318,Ramp,null,null
txy_D_001,319,35.20787932981233,-80.9333666537514,n319,Txy,null,null
txy_D_002,320,35.21116882459766,-80.93365398429283,n320,Txy,null,null
txy_D_003,321,35.21360534546872,-80.93385888985097,n321,Txy,null,null
txy_D_004,322,35.21514832624373,-80.93399086332323,n322,Txy,null,null
txy_D_005,323,35.2158217317623,-80.93404994536584,n323,Txy,null,null
txy_D_006,324,35.21937444563908,-80.9341633559309,n324,Txy,null,null
txy_D_007,325,35.22165711779987,-80.93390016566282,n325,Txy,null,null
parking_F_002,326,35.21207988145876,-80.930626237317,n326,Park,null,null
parking_F_001,327,35.21046323947898,-80.93188134610065,n327,Park,null,null
ramp_F_001,328,35.21126717313056,-80.93196003581068,n328,Ramp,null,null
ramp_F_002,329,35.21135540200012,-80.93056127633662,n329,Ramp,null,null
txy_C5_001,330,35.20903381984321,-80.93566165181367,n330,Txy,null,null
txy_C6_001,331,35.21118125240454,-80.93585659991922,n331,Txy,null,null
txy_C7_001,332,35.21214039152381,-80.93592840471334,n332,Txy,null,null
txy_R_001,333,35.21525020842682,-80.93618562212741,n333,Txy,null,null
txy_C9_001,334,35.21569842199924,-80.93622567581541,n334,Txy,null,null
txy_C10_001,335,35.22161720198381,-80.93697326296036,n335,Txy,null,null
txy_C11_001,336,35.22400850792305,-80.93705700514332,n336,Txy,null,null
txy_C11_002,337,35.22395822876165,-80.93793290859216,n337,Txy,null,null
txy_C10_002,338,35.22190604546502,-80.93779964335835,n338,Txy,null,null
txy_R_002,339,35.21375471244634,-80.93436238526871,n339,Txy,null,null
txy_R_003,340,35.21652822561426,-80.93798400902168,n340,Txy,null,null
txy_R_006,341,35.21761475413934,-80.93932074297994,n341,Txy,null,null
txy_G_001,342,35.21602738774605,-80.93878849174978,n342,Txy,null,null
txy_G_002,343,35.21712546273915,-80.93997128956994,n343,Txy,null,null
txy_B_002,344,35.21414122497339,-80.94396822568724,n344,Txy,null,null
txy_B_003,345,35.21311524366467,-80.94296737543216,n345,Txy,null,null
txy_B_001,346,35.21534736392333,-80.94526867739006,n346,Txy,null,null
txy_E13_001,347,35.21742575661889,-80.94971272526064,n347,Txy,null,null
txy_E12_001,348,35.21867559052244,-80.94982842682228,n348,Txy,null,null
txy_E13_002,349,35.217448782661116,-80.94878265043542,n349,Txy,null,null
txy_E12_002,350,35.2187370263654,-80.9488937085316,n350,Txy,null,null
txy_D3_001,351,35.21073221835492,-80.93410750799694,n351,Txy,null,null
txy_D4_001,352,35.21155561780704,-80.93417026470549,n352,Txy,null,null
txy_D5_001,353,35.21534469264547,-80.93449295136284,n353,Txy,null,null
txy_D6_001,354,35.2158058497125,-80.93453623170952,n354,Txy,null,null
txy_A8_001,355,35.22123634684429,-80.93160656479797,n355,Txy,null,null
txy_M_014,356,35.22312494599266,-80.93191836977135,n356,Txy,null,null
txy_C_001b,357,35.20103562729329,-80.93545249090099,n357,Txy,null,null
ramp_05_021,358,35.22262277765403,-80.94199081559053,n358,Ramp,null,null
txy_E15_102,359,35.21590098876094,-80.94432541016974,n359,Txy,null,null
ramp_02_102,360,35.21829912663507,-80.94743901176443,n360,Ramp,null,null
ramp_04_001b,361,35.21903593937733,-80.93951633163557,n361,Ramp,null,null
txy_C_116,362,35.22239365460016,-80.93814201049538,n362,Txy,null,null
ramp_05_105,363,35.22229187137641,-80.93988705346756,n363,Ramp,null,null
rwy_02_110,364,35.22006965051881,-80.93575952657363,n364,Rwy,null,null
spot_01,365,35.22125302044043,-80.9493028421909,n365,Spot,null,null
spot_02,366,35.218705260369504,-80.94936270958088,n366,Spot,null,null
spot_03,367,35.217439264619806,-80.94924428135174,n367,Spot,null,null
spot_04,368,35.21553510750726,-80.94860517217663,n368,Spot,null,null
spot_07,369,35.21710616709212,-80.9407455762248,n369,Spot,null,null
txy_M_110,370,35.21576024813331,-80.94259989130788,n370,Txy,null,null
spot_05,371,35.21575956489389,-80.94487941124966,n371,Spot,null,null
spot_08,372,35.21823279459642,-80.93919959894842,n372,Spot,null,null
spot_10,373,35.22199677610971,-80.93810950854592,n373,Spot,null,null
spot_11,374,35.22377316626635,-80.93826081826458,n374,Spot,null,null
