n1.id,n1.index,n1.lat,n1.lon,n2.id,n2.index,n2.lat,n2.lon
Txy_K_001,640,-87.9208574696,41.9716596802,Txy_M_M1,717,-87.9208194332,41.9703585504
Txy_K_001,640,-87.9208574696,41.9716596802,Txy_K_002,639,-87.9202686244,41.9720523082
Txy_K_002,639,-87.9202686244,41.9720523082,Txy_K_003,638,-87.9157247815,41.9720611942
Txy_P_P1,653,-87.9165812319,42.0014322357,Txy_P_U,543,-87.9103712125,41.995872986
Txy_P_U,543,-87.9103712125,41.995872986,Txy_P_E,542,-87.908936402,41.9945873807
Txy_P_E,542,-87.908936402,41.9945873807,Txy_P_G,541,-87.9075077044,41.9933222196
Rwy_01_004,693,-87.9042364655,41.9904117814,Txy_P_002,538,-87.9035178295,41.9897763472
Txy_P_002,538,-87.9035178295,41.9897763472,Txy_P_GG,537,-87.9003830795,41.9870061628
Txy_P_005,533,-87.8939938925,41.9815787113,Txy_H_P,650,-87.8957750148,41.9828866216
Txy_P_005,533,-87.8939938925,41.9815787113,Txy_A_P,544,-87.8929711307,41.9808312673
Txy_A_P,544,-87.8929711307,41.9808312673,Txy_B_P,654,-87.8922815459,41.9802446699
Txy_B_A20,612,-87.8942935574,41.9758618042,Txy_B_A19,609,-87.8942950718,41.9748169287
Txy_B_A19,609,-87.8942950718,41.9748169287,Txy_B_D1,608,-87.8942868144,41.9735529802
Txy_B_002,649,-87.895257553,41.9726723707,Txy_B_A18,581,-87.8956466558,41.972542866
Txy_B_A18,581,-87.8956466558,41.972542866,Txy_B_001,579,-87.8959162614,41.9724379074
Txy_B_001,579,-87.8959162614,41.9724379074,Txy_B_A17,580,-87.8968533421,41.9720871213
Txy_B_A17,580,-87.8968533421,41.9720871213,Txy_B_D,648,-87.8972642644,41.9719371288
Txy_B_D,648,-87.8972642644,41.9719371288,Txy_B_A15,576,-87.8986649813,41.971411119
Txy_B_A15,576,-87.8986649813,41.971411119,Txy_B_F,586,-87.9013166025,41.9713634913
Txy_B_F,586,-87.9013166025,41.9713634913,Txy_B_A14,587,-87.9023301174,41.9713580205
Txy_B_A14,587,-87.9023301174,41.9713580205,Txy_B_A13,588,-87.9042093328,41.9713884598
Txy_B_A11,590,-87.9079738941,41.9718816131,Txy_B_A10,591,-87.9097456967,41.9730921055
Txy_B_A10,591,-87.9097456967,41.9730921055,Txy_B_A9,592,-87.9110432001,41.9742052595
Txy_B_A9,592,-87.9110432001,41.9742052595,Txy_B_A8,593,-87.9120127833,41.9750802713
Txy_B_A8,593,-87.9120127833,41.9750802713,Txy_B_A7,594,-87.9133091728,41.9762259752
Txy_B_A7,594,-87.9133091728,41.9762259752,Txy_B_A6,595,-87.9138591814,41.9775437187
Txy_B_A6,595,-87.9138591814,41.9775437187,Txy_B_A5,596,-87.9139002264,41.9785746425
Txy_B_A5,596,-87.9139002264,41.9785746425,Txy_B_A4,597,-87.9131721226,41.9801339459
Txy_B_A4,597,-87.9131721226,41.9801339459,Txy_B_E,598,-87.9124282141,41.9811789537
Txy_B_E,598,-87.9124282141,41.9811789537,Txy_B_R,599,-87.9113894695,41.9821224807
Txy_A_A8,568,-87.9112214496,41.9755082987,Txy_A_003,567,-87.9108199893,41.9751111707
Txy_A_003,567,-87.9108199893,41.9751111707,Txy_A_004,566,-87.9104411595,41.974763684
Txy_A_004,566,-87.9104411595,41.974763684,Txy_A_A10,565,-87.9090656601,41.9735535381
Txy_A_A10,565,-87.9090656601,41.9735535381,Txy_A_005,564,-87.9085591358,41.9731644218
Txy_A_005,564,-87.9085591358,41.9731644218,Txy_A_006,563,-87.9083194104,41.9729905937
Txy_A_006,563,-87.9083194104,41.9729905937,Txy_A_007,562,-87.9080796714,41.9728321722
Txy_A_007,562,-87.9080796714,41.9728321722,Txy_A_A11,561,-87.9074961208,41.9724752
Txy_A_A12,560,-87.9051641395,41.9721205607,Txy_A_008,558,-87.9049063298,41.9721114386
Txy_A_008,558,-87.9049063298,41.9721114386,Txy_A_009,557,-87.9046459904,41.9720960234
Txy_A_009,557,-87.9046459904,41.9720960234,Txy_A_010,556,-87.9044299607,41.9720828156
Txy_A_010,556,-87.9044299607,41.9720828156,Txy_A_A13,559,-87.9041434901,41.9720723841
Txy_A_A14,555,-87.9023548529,41.9720471266,Txy_A_011,554,-87.9020882914,41.9720514473
Txy_A_011,554,-87.9020882914,41.9720514473,Txy_A_012,553,-87.90183079,41.9720469786
Txy_A_012,553,-87.90183079,41.9720469786,Txy_A_013,552,-87.9015817048,41.9720470392
Txy_A_013,552,-87.9015817048,41.9720470392,Txy_A_F,645,-87.9013165103,41.9720441356
Txy_A_F,645,-87.9013165103,41.9720441356,Txy_A_A15,585,-87.8988590387,41.972122441
Txy_A_A17,583,-87.8973432538,41.9726995097,Txy_A_A18,582,-87.896228671,41.9731648135
Txy_A_A19,550,-87.8952061226,41.9748238748,Txy_A_014,551,-87.8952091369,41.9749756987
Txy_A_014,551,-87.8952091369,41.9749756987,Txy_A_015,547,-87.8952164551,41.9752943624
Txy_A_015,547,-87.8952164551,41.9752943624,Txy_A_016,548,-87.8952124216,41.97558064
Txy_A_016,548,-87.8952124216,41.97558064,Txy_A_A20,549,-87.8952137156,41.9758715257
Txy_A_A20,549,-87.8952137156,41.9758715257,Txy_A_A21,546,-87.8952328778,41.9776466715
Txy_A_A21,546,-87.8952328778,41.9776466715,Txy_A_017,545,-87.8952242572,41.9778918997
Txy_B_P,654,-87.8922815459,41.9802446699,Txy_B_006,529,-87.8939219634,41.9792078687
Txy_B_006,529,-87.8939219634,41.9792078687,Txy_B_005,632,-87.8942902162,41.978664587
Txy_A_A18,582,-87.896228671,41.9731648135,Txy_A_018,531,-87.8954483871,41.973883416
Txy_A_018,531,-87.8954483871,41.973883416,Txy_A_A19,550,-87.8952061226,41.9748238748
Txy_B_D1,608,-87.8942868144,41.9735529802,Txy_B_003,530,-87.8946857678,41.9729718923
Txy_B_003,530,-87.8946857678,41.9729718923,Txy_B_002,649,-87.895257553,41.9726723707
Txy_A_019,532,-87.8949335771,41.979551658,Txy_A_P,544,-87.8929711307,41.9808312673
Txy_B_D1,608,-87.8942868144,41.9735529802,Txy_D1_004,610,-87.894300542,41.9726727937
Txy_D1_004,610,-87.894300542,41.9726727937,Txy_D_D1,611,-87.8943602557,41.9719406908
Txy_B_002,649,-87.895257553,41.9726723707,Txy_D1_004,610,-87.894300542,41.9726727937
Txy_M5_M,631,-87.8943414785,41.9704023063,Txy_D_D1,611,-87.8943602557,41.9719406908
Txy_M6_M,629,-87.889244886,41.9704176376,Txy_D_D4,603,-87.8892492102,41.9719445407
Txy_A_A18,582,-87.896228671,41.9731648135,Txy_B_A18,581,-87.8956466558,41.972542866
Txy_B_001,579,-87.8959162614,41.9724379074,Txy_D_002,578,-87.8959503265,41.9719331002
Txy_A_A17,583,-87.8973432538,41.9726995097,Txy_B_A17,580,-87.8968533421,41.9720871213
Txy_A_A15,585,-87.8988590387,41.972122441,Txy_B_A15,576,-87.8986649813,41.971411119
Txy_B_A19,609,-87.8942950718,41.9748169287,Txy_A_A19,550,-87.8952061226,41.9748238748
Txy_B_A20,612,-87.8942935574,41.9758618042,Txy_A_A20,549,-87.8952137156,41.9758715257
Txy_A_A14,555,-87.9023548529,41.9720471266,Txy_B_A14,587,-87.9023301174,41.9713580205
Txy_A_A13,559,-87.9041434901,41.9720723841,Txy_B_A13,588,-87.9042093328,41.9713884598
Txy_A_A12,560,-87.9051641395,41.9721205607,Txy_B_A12,589,-87.9052402527,41.9714386924
Txy_A_A11,561,-87.9074961208,41.9724752,Txy_B_A11,590,-87.9079738941,41.9718816131
Txy_A_A10,565,-87.9090656601,41.9735535381,Txy_B_A10,591,-87.9097456967,41.9730921055
Txy_A_004,566,-87.9104411595,41.974763684,Txy_B_A9,592,-87.9110432001,41.9742052595
Txy_A_A8,568,-87.9112214496,41.9755082987,Txy_B_A8,593,-87.9120127833,41.9750802713
Txy_B_A7,594,-87.9133091728,41.9762259752,Txy_A_A7,569,-87.9122120113,41.9765333975
Txy_B_A6,595,-87.9138591814,41.9775437187,Txy_A_A6,570,-87.9129251712,41.9776842191
Txy_B_A5,596,-87.9139002264,41.9785746425,Txy_A_A5,571,-87.9129717346,41.9785492566
Txy_B_A4,597,-87.9131721226,41.9801339459,Txy_A_A4,572,-87.9123472884,41.9798239801
Txy_B_E,598,-87.9124282141,41.9811789537,Txy_A_E,573,-87.9116333539,41.9808191824
Txy_B_R,599,-87.9113894695,41.9821224807,Txy_A_R,574,-87.9107421373,41.98163579
Txy_K_K2,618,-87.9050154532,41.9626538965,Txy_K_K1,706,-87.9058500759,41.9636177695
Txy_K_K2,618,-87.9050154532,41.9626538965,Txy_K_T12,713,-87.9043761671,41.9620488321
Txy_K_T12,713,-87.9043761671,41.9620488321,Txy_T12_002,619,-87.9033384505,41.9626595351
Txy_T12_002,619,-87.9033384505,41.9626595351,Rwy_06_001,703,-87.9024746236,41.963194826
Rwy_06_001,703,-87.9024746236,41.963194826,Txy_T12_001,620,-87.9016109788,41.9637459201
Txy_T12_001,620,-87.9016109788,41.9637459201,Txy_T_T12,621,-87.9007810943,41.9642494822
Txy_F_T,644,-87.9013104936,41.9647223969,Txy_T_T12,621,-87.9007810943,41.9642494822
Txy_T_T11,616,-87.9033438979,41.9665255188,Txy_F_T,644,-87.9013104936,41.9647223969
Txy_B_F,586,-87.9013166025,41.9713634913,Txy_A_F,645,-87.9013165103,41.9720441356
Txy_B_F,586,-87.9013166025,41.9713634913,Txy_F_M,615,-87.901311656,41.9703972601
Txy_T_T11,616,-87.9033438979,41.9665255188,Txy_F_T11,633,-87.9013087269,41.9665110444
Txy_F_T11,633,-87.9013087269,41.9665110444,Txy_F_T,644,-87.9013104936,41.9647223969
Txy_K_005,626,-87.9130440998,41.9698006188,Txy_K_M,624,-87.9136808166,41.9703762447
Txy_F_M,615,-87.901311656,41.9703972601,Txy_M5_M,631,-87.8943414785,41.9704023063
Txy_M5_M,631,-87.8943414785,41.9704023063,Txy_M6_M,629,-87.889244886,41.9704176376
Txy_T11_002,501,-87.9047906612,41.9665298878,Txy_T_T11,616,-87.9033438979,41.9665255188
Txy_T_010,503,-87.9052433494,41.9682376503,Txy_T_T11,616,-87.9033438979,41.9665255188
Txy_F_M,615,-87.901311656,41.9703972601,Txy_F_001,505,-87.9013071463,41.9698633068
Txy_T_T9,513,-87.9118845677,41.9734942531,Txy_B_T10,637,-87.9110671365,41.9727709049
Txy_B_T10,637,-87.9110671365,41.9727709049,Txy_T_A10,512,-87.9107450869,41.9724834418
Txy_T_A10,512,-87.9107450869,41.9724834418,Txy_B_A10,591,-87.9097456967,41.9730921055
Txy_B_T10,637,-87.9110671365,41.9727709049,Txy_T10_001,514,-87.9115137336,41.9725049277
Txy_T_T9,513,-87.9118845677,41.9734942531,Txy_B_A9,592,-87.9110432001,41.9742052595
Txy_T9_001,515,-87.9126749873,41.9735156022,Txy_T_T9,513,-87.9118845677,41.9734942531
Txy_T2_001,526,-87.9247260855,41.9842455833,Txy_T_T2,525,-87.923913646,41.9841698486
Txy_T_Z,527,-87.924950399,41.9850964839,Txy_T_T2,525,-87.923913646,41.9841698486
Txy_T_Z,527,-87.924950399,41.9850964839,Txy_Z_001,720,-87.9233321091,41.9862037784
Txy_Z_001,720,-87.9233321091,41.9862037784,Txy_Z_002,719,-87.9222190595,41.9867123154
Txy_Z_002,719,-87.9222190595,41.9867123154,Txy_J_Z,636,-87.9181940495,41.9867343554
Txy_T_T1,716,-87.9313458547,41.9907477237,Txy_T_Y,528,-87.9290650957,41.9887591456
Txy_T_Y,528,-87.9290650957,41.9887591456,Txy_T_Z,527,-87.924950399,41.9850964839
Rwy_02_001,699,-87.8891796168,41.9838987949,Rwy_02_002,687,-87.8911994478,41.9838961552
Rwy_02_002,687,-87.8911994478,41.9838961552,Rwy_02_03,686,-87.8945164624,41.9838976149
Rwy_01_001,700,-87.8964767922,41.9974376982,Rwy_01_002,696,-87.8985229418,41.9955761384
Rwy_01_002,696,-87.8985229418,41.9955761384,Rwy_01_003,695,-87.9004150272,41.9938690094
Rwy_01_005,692,-87.9085207913,41.9865245983,Rwy_01_006,691,-87.9096646245,41.9855015535
Rwy_01_006,691,-87.9096646245,41.9855015535,Rwy_01_007,420,-87.9105725615,41.984668478
Rwy_01_007,420,-87.9105725615,41.984668478,Rwy_01_02,690,-87.9114312497,41.9838961343
Rwy_03_001,697,-87.8918416819,41.9815237212,Rwy_03_002,682,-87.8933831041,41.9828899151
Rwy_02_03,686,-87.8945164624,41.9838976149,Rwy_03_004,681,-87.8983954784,41.987349739
Rwy_04_001,721,-87.8798562789,41.9698235558,Rwy_04_002,677,-87.882372486,41.9676935012
Rwy_06_001,703,-87.9024746236,41.963194826,Rwy_06_002,667,-87.9058273452,41.9661762609
Txy_U_GG,642,-87.9004010979,41.9969854008,Txy_GG_001,490,-87.9004030641,41.9949163999
Txy_GG_001,490,-87.9004030641,41.9949163999,Rwy_01_003,695,-87.9004150272,41.9938690094
Rwy_01_003,695,-87.9004150272,41.9938690094,Txy_GG_002,489,-87.9004076596,41.9925846671
Txy_GG_002,489,-87.9004076596,41.9925846671,Txy_GG_WU,488,-87.9004121036,41.9921814791
Txy_GG_WU,488,-87.9004121036,41.9921814791,Txy_GG_003,487,-87.9003935176,41.9901914592
Txy_GG_004,455,-87.9003918199,41.987857846,Txy_P_GG,537,-87.9003830795,41.9870061628
Txy_P_GG,537,-87.9003830795,41.9870061628,Txy_GG_005,454,-87.9003910952,41.9846730546
Txy_GG_006,453,-87.9003802264,41.9831348799,Txy_H_GG,641,-87.9003840258,41.982885018
Txy_S_S1,656,-87.900917526,41.9545230053,Txy_S1_001,428,-87.900114317,41.9539678992
Txy_S_S1,656,-87.900917526,41.9545230053,Txy_S_001,427,-87.8984244425,41.9566163913
Txy_T_S,708,-87.8952405315,41.9593108341,Txy_S_001,427,-87.8984244425,41.9566163913
Txy_S_001,427,-87.8984244425,41.9566163913,Txy_S2_002,429,-87.8975744843,41.9565548936
Txy_S2_002,429,-87.8975744843,41.9565548936,Txy_S2_001,430,-87.8969653696,41.9566963179
Txy_T_S,708,-87.8952405315,41.9593108341,Txy_S3_002,431,-87.8939749488,41.9596322251
Txy_S3_002,431,-87.8939749488,41.9596322251,Txy_S3_001,432,-87.893130551,41.9598539791
Txy_T_T12,621,-87.9007810943,41.9642494822,Txy_T_S,708,-87.8952405315,41.9593108341
Txy_S_003,426,-87.8853175766,41.9682654617,Txy_S_S4,655,-87.8860043925,41.9671308962
Txy_M_M7,498,-87.8844188779,41.9704417406,Txy_M7_003,416,-87.8841967994,41.9704454373
Txy_M7_003,416,-87.8841967994,41.9704454373,Txy_Q_M,418,-87.8824043822,41.9704458216
Txy_Q_M,418,-87.8824043822,41.9704458216,Txy_Q_001,495,-87.8824079351,41.9698807084
Txy_Q_001,495,-87.8824079351,41.9698807084,Rwy_04_002,677,-87.882372486,41.9676935012
Txy_Q_M,418,-87.8824043822,41.9704458216,Txy_M_008,497,-87.8807406288,41.9704345774
Txy_M_008,497,-87.8807406288,41.9704345774,Txy_M_D,659,-87.8803059739,41.970433367
Txy_D_D8,647,-87.8803241149,41.9719573761,Txy_D_004,417,-87.8803069195,41.9706777778
Txy_D_004,417,-87.8803069195,41.9706777778,Txy_M_D,659,-87.8803059739,41.970433367
Txy_D_D6,627,-87.8836362704,41.9719502145,Txy_D_D8,647,-87.8803241149,41.9719573761
Txy_D_M7,496,-87.8844219828,41.9719509837,Txy_M_M7,498,-87.8844188779,41.9704417406
Txy_D_M7,496,-87.8844219828,41.9719509837,Txy_D_D6,627,-87.8836362704,41.9719502145
Txy_D_D4,603,-87.8892492102,41.9719445407,Txy_D_D5,602,-87.8865540058,41.9719564496
Txy_D_D5,602,-87.8865540058,41.9719564496,Txy_D_M7,496,-87.8844219828,41.9719509837
Txy_D_D3,605,-87.8909718572,41.9719413065,Txy_D_D4,603,-87.8892492102,41.9719445407
Txy_M6_M,629,-87.889244886,41.9704176376,Txy_M_M7,498,-87.8844188779,41.9704417406
Txy_M6_M,629,-87.889244886,41.9704176376,Txy_M6_001,425,-87.8900026614,41.9699167674
Txy_D_D2,614,-87.8932868168,41.9719431657,Txy_D_D3,605,-87.8909718572,41.9719413065
Txy_D_D1,611,-87.8943602557,41.9719406908,Txy_D_D2,614,-87.8932868168,41.9719431657
Txy_D_002,578,-87.8959503265,41.9719331002,Txy_D_D1,611,-87.8943602557,41.9719406908
Txy_D_002,578,-87.8959503265,41.9719331002,Txy_D_001,577,-87.896372995,41.9719387363
Txy_D_001,577,-87.896372995,41.9719387363,Txy_B_D,648,-87.8972642644,41.9719371288
Txy_M5_001,424,-87.895530001,41.9698878448,Txy_M5_M,631,-87.8943414785,41.9704023063
Rwy_06_004,666,-87.9106267283,41.9704358703,Txy_M_005,499,-87.9120493012,41.9703981164
Txy_H_002,474,-87.9200471461,41.9828536981,Txy_H_003,652,-87.9188839828,41.9828851799
Txy_J_Z,636,-87.9181940495,41.9867343554,Txy_J_001,446,-87.918199043,41.9863371669
Txy_J_001,446,-87.918199043,41.9863371669,Txy_J_002,447,-87.9182058402,41.9847149921
Txy_J_003,445,-87.9182041896,41.9831360504,Txy_H_J,473,-87.9182070692,41.9828941256
Txy_H_003,652,-87.9188839828,41.9828851799,Txy_H_J,473,-87.9182070692,41.9828941256
Txy_H_J,473,-87.9182070692,41.9828941256,Txy_J_W,444,-87.9182041985,41.9816449904
Txy_H_J,473,-87.9182070692,41.9828941256,Txy_H_E,472,-87.9161013125,41.9828889216
Txy_E_R,448,-87.9160962147,41.9854704409,Txy_R_004,478,-87.9150761411,41.9847118786
Txy_E_R,448,-87.9160962147,41.9854704409,Txy_E_004,449,-87.9160898957,41.9846759476
Txy_H_E,472,-87.9161013125,41.9828889216,Txy_E_003,450,-87.9161054306,41.9831196694
Txy_H_E,472,-87.9161013125,41.9828889216,Txy_H_004,475,-87.9140606077,41.9828910446
Txy_R_002,480,-87.9127791305,41.9831450832,Txy_R_001,481,-87.913235777,41.98348184
Rwy_01_010,688,-87.9137761358,41.9817819422,Txy_E_001,476,-87.9128651739,41.9813727697
Txy_E_001,476,-87.9128651739,41.9813727697,Txy_B_E,598,-87.9124282141,41.9811789537
Txy_B_R,599,-87.9113894695,41.9821224807,Txy_R_003,479,-87.9117442245,41.9823819143
Txy_H_E,472,-87.9161013125,41.9828889216,Txy_E_002,477,-87.9146503322,41.9822044766
Txy_E_002,477,-87.9146503322,41.9822044766,Rwy_01_010,688,-87.9137761358,41.9817819422
Txy_J_W,444,-87.9182041985,41.9816449904,Txy_J_004,635,-87.918188486,41.9807622727
Txy_J_004,635,-87.918188486,41.9807622727,Txy_J_005,443,-87.9177608617,41.9801843472
Txy_J_005,443,-87.9177608617,41.9801843472,Txy_J_T6,442,-87.9158776321,41.9784978702
Txy_J_006,441,-87.9144309159,41.9772325138,Txy_B_A6,595,-87.9138591814,41.9775437187
Txy_J_T6,442,-87.9158776321,41.9784978702,Txy_J_006,441,-87.9144309159,41.9772325138
Txy_J_006,441,-87.9144309159,41.9772325138,Txy_B_A7,594,-87.9133091728,41.9762259752
Txy_B_A11,590,-87.9079738941,41.9718816131,Txy_B_007,508,-87.9067592682,41.9715313926
Txy_B_007,508,-87.9067592682,41.9715313926,Txy_B_A12,589,-87.9052402527,41.9714386924
Txy_B_A12,589,-87.9052402527,41.9714386924,Txy_B_M2,507,-87.9047901285,41.9714250535
Txy_B_M2,507,-87.9047901285,41.9714250535,Txy_B_A13,588,-87.9042093328,41.9713884598
Rwy_06_002,667,-87.9058273452,41.9661762609,Txy_T11_003,500,-87.9066855231,41.9656416213
Txy_T_001,522,-87.9203529327,41.981047608,Txy_T_T5,414,-87.9192685657,41.9800258997
Txy_T_T5,414,-87.9192685657,41.9800258997,Txy_T5_001,521,-87.9200300927,41.9800438958
Rwy_01_005,692,-87.9085207913,41.9865245983,Txy_A1_004,484,-87.9085414057,41.9852324175
Txy_A1_004,484,-87.9085414057,41.9852324175,Txy_A1_003,483,-87.9085454935,41.9846906277
Txy_H1_001,452,-87.904985286,41.9831048492,Txy_H_008,470,-87.9049908733,41.9828911488
Txy_H_008,470,-87.9049908733,41.9828911488,Txy_H_GG,641,-87.9003840258,41.982885018
Txy_J_Z,636,-87.9181940495,41.9867343554,Txy_J_E,411,-87.9154238826,41.9867475941
Txy_J_E,411,-87.9154238826,41.9867475941,Txy_E_R,448,-87.9160962147,41.9854704409
Txy_J_E,411,-87.9154238826,41.9867475941,Txy_Z_G,410,-87.9144837553,41.9864700113
Txy_Z_003,718,-87.9128960964,41.9855265547,Txy_Z_004,486,-87.9110560606,41.9855016993
Txy_Z_004,486,-87.9110560606,41.9855016993,Rwy_01_006,691,-87.9096646245,41.9855015535
Txy_H_010,469,-87.8947949096,41.9828982754,Txy_H_P,650,-87.8957750148,41.9828866216
Txy_H_010,469,-87.8947949096,41.9828982754,Rwy_03_002,682,-87.8933831041,41.9828899151
Rwy_03_002,682,-87.8933831041,41.9828899151,Txy_H_011,468,-87.8919409002,41.9829043131
Txy_A_021,460,-87.892635511,41.9810272716,Txy_A_P,544,-87.8929711307,41.9808312673
Rwy_03_001,697,-87.8918416819,41.9815237212,Txy_A_021,460,-87.892635511,41.9810272716
Rwy_03_001,697,-87.8918416819,41.9815237212,Txy_B_041,408,-87.8911773713,41.980945797
Txy_B_041,408,-87.8911773713,41.980945797,Txy_B_040,409,-87.8919756743,41.98043916
Txy_B_P,654,-87.8922815459,41.9802446699,Txy_B_040,409,-87.8919756743,41.98043916
Txy_A_019,532,-87.8949335771,41.979551658,Txy_A_020,458,-87.8952262928,41.9788520441
Txy_A_020,458,-87.8952262928,41.9788520441,Txy_A_017,545,-87.8952242572,41.9778918997
Rwy_02_001,699,-87.8891796168,41.9838987949,Txy_H3_001,456,-87.8891760776,41.9831289424
Txy_H3_001,456,-87.8891760776,41.9831289424,Txy_H_H3,651,-87.8891764045,41.982884046
Txy_H_H3,651,-87.8891764045,41.982884046,Txy_B_043,714,-87.8894311593,41.9821201442
Txy_B_043,714,-87.8894311593,41.9821201442,Txy_B_042,407,-87.8902155309,41.9815431025
Txy_B_042,407,-87.8902155309,41.9815431025,Txy_B_041,408,-87.8911773713,41.980945797
Txy_H_011,468,-87.8919409002,41.9829043131,Txy_H_H2,467,-87.8912098289,41.9828956109
Txy_H2_001,466,-87.8911941969,41.9831333658,Rwy_02_002,687,-87.8911994478,41.9838961552
Txy_H_H2,467,-87.8912098289,41.9828956109,Txy_H2_001,466,-87.8911941969,41.9831333658
Txy_H_H2,467,-87.8912098289,41.9828956109,Txy_H_H3,651,-87.8891764045,41.982884046
Txy_H_H2,467,-87.8912098289,41.9828956109,Txy_H2_002,465,-87.8912022123,41.9822583922
Txy_H2_002,465,-87.8912022123,41.9822583922,Rwy_03_001,697,-87.8918416819,41.9815237212
Txy_MM_001,463,-87.8937986078,41.9857234639,Txy_MM_002,462,-87.889751413,41.9857121865
Txy_MM_002,462,-87.889751413,41.9857121865,Txy_MM_003,461,-87.8891828782,41.9852988825
Txy_MM_003,461,-87.8891828782,41.9852988825,Txy_MM_004,464,-87.8891740011,41.9847350032
Txy_MM_004,464,-87.8891740011,41.9847350032,Rwy_02_001,699,-87.8891796168,41.9838987949
Rwy_03_004,681,-87.8983954784,41.987349739,Txy_P4_001,535,-87.8979025231,41.9855209495
Txy_P_U,543,-87.9103712125,41.995872986,Txy_P2_001,435,-87.9090281692,41.9955551869
Txy_U_001,439,-87.9098128338,41.9962528143,Txy_P_U,543,-87.9103712125,41.995872986
Txy_P_P1,653,-87.9165812319,42.0014322357,Txy_P1_001,434,-87.9160574254,42.001790755
Txy_B_A20,612,-87.8942935574,41.9758618042,Ramp_04_001,386,-87.8937071698,41.9758543813
Txy_B_A19,609,-87.8942950718,41.9748169287,Ramp_04_002,385,-87.893707462,41.9748138438
Txy_D1_004,610,-87.894300542,41.9726727937,Ramp_04_003,384,-87.8937179581,41.9726706705
Ramp_04_004,383,-87.8932683207,41.972383445,Txy_D_D2,614,-87.8932868168,41.9719431657
Ramp_04_005,382,-87.8909815352,41.972383527,Txy_D_D3,605,-87.8909718572,41.9719413065
Ramp_04_006,381,-87.8892510936,41.9723915542,Txy_D_D4,603,-87.8892492102,41.9719445407
Ramp_04_007,380,-87.8865633408,41.9723930397,Txy_D_D5,602,-87.8865540058,41.9719564496
Txy_D_D6,627,-87.8836362704,41.9719502145,Ramp_04_008,379,-87.8836357843,41.9723960376
Ramp_05_001,617,-87.9065151291,41.9632418023,Txy_K_K1,706,-87.9058500759,41.9636177695
Ramp_05_002,712,-87.9058274848,41.9622789254,Txy_K_K2,618,-87.9050154532,41.9626538965
Ramp_05_003,707,-87.9084196765,41.9621885062,Ramp_05_001,617,-87.9065151291,41.9632418023
Ramp_05_003,707,-87.9084196765,41.9621885062,Ramp_05_002,712,-87.9058274848,41.9622789254
Txy_N1_001,634,-87.9208086751,41.9681027158,Txy_N_N1,705,-87.9197174458,41.9673652911
Txy_A_A11,561,-87.9074961208,41.9724752,Txy_A_030,412,-87.906550267,41.9722094721
Txy_A_030,412,-87.906550267,41.9722094721,Txy_A_A12,560,-87.9051641395,41.9721205607
Txy_T1_001,378,-87.9320888124,41.9908074718,Txy_T_T1,716,-87.9313458547,41.9907477237
Txy_Y_001,375,-87.9282942373,41.9903406402,Txy_T_Y,528,-87.9290650957,41.9887591456
Txy_Y_001,375,-87.9282942373,41.9903406402,Txy_Y_002,377,-87.9277997018,41.9910205378
Ramp_06_001,369,-87.9277925753,41.99159632,Txy_Y_003,374,-87.9274315966,41.9912494872
Txy_Y_003,374,-87.9274315966,41.9912494872,Txy_Y_002,377,-87.9277997018,41.9910205378
Txy_Y_003,374,-87.9274315966,41.9912494872,Txy_Y_004,373,-87.9256875755,41.9923594613
Ramp_06_002,368,-87.9260420396,41.9926930535,Txy_Y_004,373,-87.9256875755,41.9923594613
Ramp_06_003,367,-87.9246044133,41.993601416,Txy_Y_005,372,-87.9242396125,41.993244423
Ramp_06_005,365,-87.9232374915,41.9944397152,Txy_Y_006,371,-87.9229047037,41.9940895388
Txy_Y_007,370,-87.9225573048,41.9942944017,Ramp_06_006,364,-87.9221915142,41.9939568295
Txy_Y_009,362,-87.9210332504,41.9948646068,Txy_Y_008,376,-87.9213097896,41.9951064012
Txy_Y_008,376,-87.9213097896,41.9951064012,Ramp_06_007,363,-87.9216814201,41.9954304541
Ramp_06_008,361,-87.9205954619,41.9951586205,Txy_Y_009,362,-87.9210332504,41.9948646068
Txy_Y_004,373,-87.9256875755,41.9923594613,Txy_Y_005,372,-87.9242396125,41.993244423
Txy_Y_005,372,-87.9242396125,41.993244423,Txy_Y_006,371,-87.9229047037,41.9940895388
Txy_Y_006,371,-87.9229047037,41.9940895388,Txy_Y_007,370,-87.9225573048,41.9942944017
Txy_Y_007,370,-87.9225573048,41.9942944017,Txy_Y_008,376,-87.9213097896,41.9951064012
Txy_Y_005,372,-87.9242396125,41.993244423,Ramp_06_004,366,-87.9239388451,41.9928576576
Txy_Y_009,362,-87.9210332504,41.9948646068,Txy_Y_010,360,-87.919658763,41.9936326134
Txy_Y_010,360,-87.919658763,41.9936326134,Ramp_06_009,358,-87.920083978,41.9933424649
Txy_Y_010,360,-87.919658763,41.9936326134,Txy_Y_011,359,-87.9188307078,41.9929461352
Txy_Y_011,359,-87.9188307078,41.9929461352,Ramp_06_010,357,-87.9183814643,41.9932089321
Txy_Y_011,359,-87.9188307078,41.9929461352,Txy_Y_012,356,-87.9181030412,41.9922174794
Ramp_06_011,353,-87.9185561429,41.9919456232,Txy_Y_012,356,-87.9181030412,41.9922174794
Txy_Y_012,356,-87.9181030412,41.9922174794,Txy_Y_013,355,-87.9175453771,41.9917585393
Txy_Y_013,355,-87.9175453771,41.9917585393,Txy_Y_014,354,-87.9168114318,41.991115156
Txy_Y_014,354,-87.9168114318,41.991115156,Txy_Y_015,350,-87.9156062833,41.9899869028
Txy_Y_015,350,-87.9156062833,41.9899869028,Txy_Y_E,347,-87.9150017254,41.9895625208
Txy_Y_013,355,-87.9175453771,41.9917585393,Ramp_06_012,352,-87.9170340341,41.9920209905
Ramp_06_013,351,-87.9172715929,41.9908216122,Txy_Y_014,354,-87.9168114318,41.991115156
Ramp_06_014,349,-87.9160339865,41.9897175873,Txy_Y_015,350,-87.9156062833,41.9899869028
Txy_Y_E,347,-87.9150017254,41.9895625208,Txy_Y_G,346,-87.91353539,41.9882836068
Txy_Y_G,346,-87.91353539,41.9882836068,Txy_Z_G,410,-87.9144837553,41.9864700113
Txy_Y_E,347,-87.9150017254,41.9895625208,Txy_E_005,348,-87.9147679705,41.9879845553
Txy_E_005,348,-87.9147679705,41.9879845553,Txy_J_E,411,-87.9154238826,41.9867475941
Txy_Y_G,346,-87.91353539,41.9882836068,Txy_P_G,541,-87.9075077044,41.9933222196
Txy_Y_E,347,-87.9150017254,41.9895625208,Txy_P_E,542,-87.908936402,41.9945873807
Txy_U_002,438,-87.90797536,41.9971436316,Txy_U_003,437,-87.9067203016,41.9979392365
Txy_U_003,437,-87.9067203016,41.9979392365,Txy_U_004,436,-87.9058880259,41.9981198013
Txy_U_004,436,-87.9058880259,41.9981198013,Txy_U_GG,642,-87.9004010979,41.9969854008
Txy_U_GG,642,-87.9004010979,41.9969854008,Txy_X_001,492,-87.8992863841,41.9962560608
Txy_X_001,492,-87.8992863841,41.9962560608,Rwy_01_002,696,-87.8985229418,41.9955761384
Rwy_01_001,700,-87.8964767922,41.9974376982,Txy_WU_001,494,-87.8955735442,41.9968763045
Txy_WU_001,494,-87.8955735442,41.9968763045,Txy_WU_002,493,-87.8956067571,41.9964905149
Txy_WU_002,493,-87.8956067571,41.9964905149,Txy_WU_KK,709,-87.8975724848,41.9947222504
Txy_KK_001,491,-87.8977920623,41.9949067202,Rwy_01_002,696,-87.8985229418,41.9955761384
Txy_KK_001,491,-87.8977920623,41.9949067202,Txy_WU_KK,709,-87.8975724848,41.9947222504
Txy_WU_KK,709,-87.8975724848,41.9947222504,Txy_KK_002,341,-87.8969737474,41.9941707537
Txy_KK_002,341,-87.8969737474,41.9941707537,Txy_KK_003,340,-87.8968486006,41.9938414904
Txy_V_001,440,-87.8990983254,41.9893116307,Txy_V_KK,342,-87.8969542447,41.9893256947
Txy_KK_004,715,-87.8969501688,41.9932026175,Txy_V_KK,342,-87.8969542447,41.9893256947
Txy_KK_003,340,-87.8968486006,41.9938414904,Txy_KK_004,715,-87.8969501688,41.9932026175
Txy_V_KK,342,-87.8969542447,41.9893256947,Txy_V_LL,343,-87.8949173219,41.9877037582
Txy_V_LL,343,-87.8949173219,41.9877037582,Txy_MM_LL,710,-87.8949341968,41.9857165315
Txy_MM_LL,710,-87.8949341968,41.9857165315,Txy_MM_001,463,-87.8937986078,41.9857234639
Txy_V_LL,343,-87.8949173219,41.9877037582,Ramp_07_002,344,-87.8943111271,41.9876571295
Ramp_07_002,344,-87.8943111271,41.9876571295,Ramp_07_003,339,-87.8930504504,41.9876450063
Txy_V_LL,343,-87.8949173219,41.9877037582,Ramp_07_001,345,-87.8948271849,41.988228286
Ramp_07_001,345,-87.8948271849,41.988228286,Ramp_07_004,337,-87.8946948727,41.988413091
Ramp_07_004,337,-87.8946948727,41.988413091,Ramp_07_005,338,-87.8930323467,41.9884333278
Ramp_07_005,338,-87.8930323467,41.9884333278,Ramp_07_006,336,-87.8930230948,41.9894178246
Ramp_07_006,336,-87.8930230948,41.9894178246,Ramp_07_007,335,-87.8930407655,41.9902025648
Ramp_07_003,339,-87.8930504504,41.9876450063,Ramp_07_005,338,-87.8930323467,41.9884333278
Txy_A_A15,585,-87.8988590387,41.972122441,Txy_A_A16,584,-87.8981139412,41.9723660969
Txy_GG_WU,488,-87.9004121036,41.9921814791,Txy_WU_KK,709,-87.8975724848,41.9947222504
Txy_J_W,444,-87.9182041985,41.9816449904,Txy_W_001,125,-87.9153183609,41.9816500621
Rwy_02_03,686,-87.8945164624,41.9838976149,Rwy_02_003,124,-87.8958689759,41.9838906881
Rwy_02_003,124,-87.8958689759,41.9838906881,Rwy_02_004,685,-87.8968939424,41.9838980405
Rwy_02_004,685,-87.8968939424,41.9838980405,Rwy_02_005,684,-87.9003912759,41.9838980905
Txy_GG_005,454,-87.9003910952,41.9846730546,Rwy_02_005,684,-87.9003912759,41.9838980905
Rwy_02_005,684,-87.9003912759,41.9838980905,Txy_GG_006,453,-87.9003802264,41.9831348799
Rwy_02_004,685,-87.8968939424,41.9838980405,Txy_P_004,534,-87.8962913606,41.9831101371
Rwy_02_007,683,-87.9085713653,41.9838951197,Rwy_02_008,485,-87.9100682052,41.9838946824
Rwy_02_008,485,-87.9100682052,41.9838946824,Rwy_01_02,690,-87.9114312497,41.9838961343
Rwy_01_02,690,-87.9114312497,41.9838961343,Rwy_02_009,675,-87.9137960667,41.9838950404
Rwy_02_009,675,-87.9137960667,41.9838950404,Rwy_02_010,676,-87.9160952717,41.9838940371
Txy_A1_003,483,-87.9085454935,41.9846906277,Rwy_02_007,683,-87.9085713653,41.9838951197
Txy_R_004,478,-87.9150761411,41.9847118786,Rwy_02_009,675,-87.9137960667,41.9838950404
Rwy_02_009,675,-87.9137960667,41.9838950404,Txy_R_001,481,-87.913235777,41.98348184
Txy_E_004,449,-87.9160898957,41.9846759476,Rwy_02_010,676,-87.9160952717,41.9838940371
Rwy_02_010,676,-87.9160952717,41.9838940371,Txy_E_003,450,-87.9161054306,41.9831196694
Txy_J_002,447,-87.9182058402,41.9847149921,Rwy_02_011,123,-87.9182071961,41.9838952089
Rwy_02_011,123,-87.9182071961,41.9838952089,Txy_J_003,445,-87.9182041896,41.9831360504
Rwy_02_010,676,-87.9160952717,41.9838940371,Rwy_02_011,123,-87.9182071961,41.9838952089
Rwy_04_001,721,-87.8798562789,41.9698235558,Txy_D_006,413,-87.8803114015,41.9701252001
Txy_D_006,413,-87.8803114015,41.9701252001,Txy_M_D,659,-87.8803059739,41.970433367
Txy_T10_002,415,-87.913161986,41.9714719743,Rwy_06_005,665,-87.912361671,41.9719771901
Rwy_06_005,665,-87.912361671,41.9719771901,Txy_T10_001,514,-87.9115137336,41.9725049277
Txy_K_T11,622,-87.9075199537,41.9651085622,Txy_K_K1,706,-87.9058500759,41.9636177695
Txy_K_T11,622,-87.9075199537,41.9651085622,Txy_T11_003,500,-87.9066855231,41.9656416213
Txy_K_T11,622,-87.9075199537,41.9651085622,Txy_K_N,658,-87.9100889937,41.9673811906
Txy_K_T10,625,-87.9141961138,41.9708190597,Txy_K_M,624,-87.9136808166,41.9703762447
Txy_K_T10,625,-87.9141961138,41.9708190597,Txy_K_003,638,-87.9157247815,41.9720611942
Txy_K_T10,625,-87.9141961138,41.9708190597,Txy_T10_002,415,-87.913161986,41.9714719743
Txy_P_P2,540,-87.9048908844,41.9910861097,Rwy_01_004,693,-87.9042364655,41.9904117814
Txy_P_G,541,-87.9075077044,41.9933222196,Txy_P_P2,540,-87.9048908844,41.9910861097
Txy_P3_002,539,-87.9050022638,41.9918536495,Txy_P_P2,540,-87.9048908844,41.9910861097
Rwy_03_006,457,-87.9053881632,41.9935690813,Txy_P3_002,539,-87.9050022638,41.9918536495
Txy_GG_003,487,-87.9003935176,41.9901914592,Rwy_03_005,680,-87.9003813116,41.9891369414
Rwy_03_005,680,-87.9003813116,41.9891369414,Txy_GG_004,455,-87.9003918199,41.987857846
Rwy_03_005,680,-87.9003813116,41.9891369414,Txy_V_001,440,-87.8990983254,41.9893116307
Rwy_01_003,695,-87.9004150272,41.9938690094,Rwy_01_03,694,-87.9030478267,41.9914836552
Rwy_01_03,694,-87.9030478267,41.9914836552,Rwy_01_004,693,-87.9042364655,41.9904117814
Rwy_01_004,693,-87.9042364655,41.9904117814,Rwy_01_005,692,-87.9085207913,41.9865245983
Rwy_01_02,690,-87.9114312497,41.9838961343,Rwy_01_008,689,-87.9125227451,41.9829065939
Rwy_01_008,689,-87.9125227451,41.9829065939,Rwy_01_010,688,-87.9137761358,41.9817819422
Txy_H_004,475,-87.9140606077,41.9828910446,Rwy_01_008,689,-87.9125227451,41.9829065939
Txy_R_002,480,-87.9127791305,41.9831450832,Rwy_01_008,689,-87.9125227451,41.9829065939
Rwy_03_004,681,-87.8983954784,41.987349739,Rwy_03_005,680,-87.9003813116,41.9891369414
Rwy_03_005,680,-87.9003813116,41.9891369414,Rwy_01_03,694,-87.9030478267,41.9914836552
Rwy_01_03,694,-87.9030478267,41.9914836552,Rwy_03_006,457,-87.9053881632,41.9935690813
Rwy_03_006,457,-87.9053881632,41.9935690813,Rwy_03_007,679,-87.9071877695,41.9951655673
Rwy_03_007,679,-87.9071877695,41.9951655673,Rwy_03_008,678,-87.9088253288,41.9966158347
Rwy_03_008,678,-87.9088253288,41.9966158347,Rwy_03_009,698,-87.9152200388,42.0023052012
Txy_P1_001,434,-87.9160574254,42.001790755,Rwy_03_009,698,-87.9152200388,42.0023052012
Rwy_03_008,678,-87.9088253288,41.9966158347,Txy_U_002,438,-87.90797536,41.9971436316
Txy_U_001,439,-87.9098128338,41.9962528143,Rwy_03_008,678,-87.9088253288,41.9966158347
Txy_P2_001,435,-87.9090281692,41.9955551869,Rwy_03_007,679,-87.9071877695,41.9951655673
Txy_P_GG,537,-87.9003830795,41.9870061628,Txy_P_P4,536,-87.8977804292,41.9847438101
Txy_P4_001,535,-87.8979025231,41.9855209495,Txy_P_P4,536,-87.8977804292,41.9847438101
Txy_P_P4,536,-87.8977804292,41.9847438101,Rwy_02_004,685,-87.8968939424,41.9838980405
Txy_H_GG,641,-87.9003840258,41.982885018,Txy_H_P,650,-87.8957750148,41.9828866216
Txy_P_004,534,-87.8962913606,41.9831101371,Txy_H_P,650,-87.8957750148,41.9828866216
Txy_F_M,615,-87.901311656,41.9703972601,Txy_M4_001,423,-87.8999632294,41.9698368932
Txy_M3_001,506,-87.9024823838,41.9699186349,Txy_F_M,615,-87.901311656,41.9703972601
Txy_M_M1,717,-87.9208194332,41.9703585504,Txy_M1_001,421,-87.9208296178,41.9698392906
Txy_M_M1,717,-87.9208194332,41.9703585504,Txy_K_M,624,-87.9136808166,41.9703762447
Txy_N_N1,705,-87.9197174458,41.9673652911,Txy_K_N,658,-87.9100889937,41.9673811906
Txy_K_006,623,-87.9110665409,41.9681606962,Txy_K_N,658,-87.9100889937,41.9673811906
Txy_K_M,624,-87.9136808166,41.9703762447,Txy_M_005,499,-87.9120493012,41.9703981164
Txy_M_T,657,-87.9085343407,41.9705232413,Txy_T_007,510,-87.9076507846,41.9699427668
Txy_T_A10,512,-87.9107450869,41.9724834418,Txy_M_T,657,-87.9085343407,41.9705232413
Rwy_04_002,677,-87.882372486,41.9676935012,Rwy_04_003,419,-87.8874180274,41.9634482897
Txy_S_S4,655,-87.8860043925,41.9671308962,Txy_S4_001,433,-87.886542937,41.9654281163
Txy_S4_001,433,-87.886542937,41.9654281163,Rwy_04_003,419,-87.8874180274,41.9634482897
Txy_S_S4,655,-87.8860043925,41.9671308962,Txy_T_S,708,-87.8952405315,41.9593108341
Rwy_04_003,419,-87.8874180274,41.9634482897,Rwy_04_004,674,-87.8910322274,41.9603947661
Txy_S3_001,432,-87.893130551,41.9598539791,Rwy_04_004,674,-87.8910322274,41.9603947661
Rwy_04_004,674,-87.8910322274,41.9603947661,Rwy_04_005,673,-87.8947176512,41.9572760365
Txy_S2_001,430,-87.8969653696,41.9566963179,Rwy_04_005,673,-87.8947176512,41.9572760365
Rwy_04_005,673,-87.8947176512,41.9572760365,Rwy_04_006,701,-87.8992979942,41.9534233496
Txy_S1_001,428,-87.900114317,41.9539678992,Rwy_04_006,701,-87.8992979942,41.9534233496
Txy_T11_002,501,-87.9047906612,41.9665298878,Rwy_06_002,667,-87.9058273452,41.9661762609
Rwy_06_003,422,-87.9098996298,41.969798334,Rwy_06_004,666,-87.9106267283,41.9704358703
Rwy_06_004,666,-87.9106267283,41.9704358703,Rwy_06_005,665,-87.912361671,41.9719771901
Rwy_06_005,665,-87.912361671,41.9719771901,Rw_06_006,664,-87.9143296269,41.9737244896
Txy_T9_001,515,-87.9126749873,41.9735156022,Rw_06_006,664,-87.9143296269,41.9737244896
Txy_T8_001,516,-87.9146753167,41.975403925,Rw_06_006,664,-87.9143296269,41.9737244896
Rw_06_006,664,-87.9143296269,41.9737244896,Rwy_06_007,663,-87.9168214772,41.9759459484
Rwy_06_007,663,-87.9168214772,41.9759459484,Rwy_06_008,662,-87.9191723243,41.9780355925
Rwy_06_007,663,-87.9168214772,41.9759459484,Txy_T7_002,517,-87.9152715824,41.97592824
Txy_T7_002,517,-87.9152715824,41.97592824,Txy_T_T7,518,-87.9146630551,41.9759593654
Txy_T_T7,518,-87.9146630551,41.9759593654,Txy_T8_001,516,-87.9146753167,41.975403925
Txy_T_T7,518,-87.9146630551,41.9759593654,Txy_T_T9,513,-87.9118845677,41.9734942531
Txy_T_T6,519,-87.916975819,41.9780312108,Txy_T_T7,518,-87.9146630551,41.9759593654
Txy_T6_001,520,-87.917656284,41.97804146,Txy_T_T6,519,-87.916975819,41.9780312108
Txy_T_T7,518,-87.9146630551,41.9759593654,Txy_B_A7,594,-87.9133091728,41.9762259752
Txy_T_T6,519,-87.916975819,41.9780312108,Txy_J_T6,442,-87.9158776321,41.9784978702
Rwy_06_008,662,-87.9191723243,41.9780355925,Txy_T6_001,520,-87.917656284,41.97804146
Rwy_06_008,662,-87.9191723243,41.9780355925,Rwy_06_009,120,-87.9214885449,41.9800901822
Txy_T_T6,519,-87.916975819,41.9780312108,Txy_T_T5,414,-87.9192685657,41.9800258997
Rwy_06_009,120,-87.9214885449,41.9800901822,Rwy_06_010,661,-87.9238239704,41.9821523645
Rwy_06_010,661,-87.9238239704,41.9821523645,Txy_T3_001,524,-87.9223659208,41.9821284866
Txy_T3_001,524,-87.9223659208,41.9821284866,Txy_T_T3,523,-87.9216294425,41.9821217239
Rwy_06_009,120,-87.9214885449,41.9800901822,Txy_T5_001,521,-87.9200300927,41.9800438958
Txy_T_T3,523,-87.9216294425,41.9821217239,Txy_H_002,474,-87.9200471461,41.9828536981
Rwy_06_010,661,-87.9238239704,41.9821523645,Rwy_06_011,660,-87.926288281,41.9843556458
Txy_T2_001,526,-87.9247260855,41.9842455833,Rwy_06_011,660,-87.926288281,41.9843556458
Txy_T_T2,525,-87.923913646,41.9841698486,Txy_T_T3,523,-87.9216294425,41.9821217239
Rwy_06_011,660,-87.926288281,41.9843556458,Rwy_06_012,702,-87.9329979511,41.9903089119
Rwy_06_012,702,-87.9329979511,41.9903089119,Txy_T1_001,378,-87.9320888124,41.9908074718
Txy_W_001,125,-87.9153183609,41.9816500621,Rwy_01_010,688,-87.9137761358,41.9817819422
Rwy_01_008,689,-87.9125227451,41.9829065939,Txy_R_003,479,-87.9117442245,41.9823819143
Rwy_01_008,689,-87.9125227451,41.9829065939,Txy_H_005,471,-87.9111262577,41.9828939678
Txy_H_A1,643,-87.9086248545,41.9828879696,Txy_A1_002,482,-87.9086143609,41.9830916959
Rwy_02_007,683,-87.9085713653,41.9838951197,Txy_A1_002,482,-87.9086143609,41.9830916959
Txy_A_001,117,-87.908645584,41.9825104869,Txy_H_A1,643,-87.9086248545,41.9828879696
Txy_A_025,116,-87.9079254163,41.9826954051,Txy_H_A1,643,-87.9086248545,41.9828879696
Txy_A_001,117,-87.908645584,41.9825104869,Txy_A_025,116,-87.9079254163,41.9826954051
Txy_A_001,117,-87.908645584,41.9825104869,Txy_A_002,575,-87.9096494985,41.9821421123
Ramp_04_009,52,-87.89359305,41.9775627865,Ramp_04_010,53,-87.8935360139,41.9769522839
Ramp_04_010,53,-87.8935360139,41.9769522839,Ramp_04_011,54,-87.8933105957,41.9762639965
Ramp_04_011,54,-87.8933105957,41.9762639965,Ramp_04_012,613,-87.893322639,41.9758590407
Ramp_04_012,613,-87.893322639,41.9758590407,Ramp_04_013,607,-87.8933136154,41.9748203998
Ramp_04_002,385,-87.893707462,41.9748138438,Ramp_04_013,607,-87.8933136154,41.9748203998
Ramp_04_001,386,-87.8937071698,41.9758543813,Ramp_04_012,613,-87.893322639,41.9758590407
Ramp_04_013,607,-87.8933136154,41.9748203998,Ramp_04_014,51,-87.8932891529,41.9734627355
Ramp_04_003,384,-87.8937179581,41.9726706705,Ramp_04_015,606,-87.8932848524,41.972676526
Ramp_04_014,51,-87.8932891529,41.9734627355,Ramp_04_015,606,-87.8932848524,41.972676526
Ramp_04_004,383,-87.8932683207,41.972383445,Ramp_04_015,606,-87.8932848524,41.972676526
Ramp_04_015,606,-87.8932848524,41.972676526,Ramp_04_016,50,-87.8922083284,41.9726787566
Ramp_04_016,50,-87.8922083284,41.9726787566,Ramp_04_017,604,-87.8909928705,41.9726811466
Ramp_04_017,604,-87.8909928705,41.9726811466,Ramp_04_005,382,-87.8909815352,41.972383527
Ramp_04_017,604,-87.8909928705,41.9726811466,Ramp_04_018,49,-87.8899370125,41.9726884164
Ramp_04_018,49,-87.8899370125,41.9726884164,Ramp_04_019,630,-87.8892550533,41.972682035
Ramp_04_019,630,-87.8892550533,41.972682035,Ramp_04_028,48,-87.8889554146,41.9726800529
Ramp_04_028,48,-87.8889554146,41.9726800529,Ramp_04_020,47,-87.8884631326,41.9726800289
Ramp_04_020,47,-87.8884631326,41.9726800289,Ramp_04_021,46,-87.8879468357,41.9726924974
Ramp_04_021,46,-87.8879468357,41.9726924974,Ramp_04_022,45,-87.8870700536,41.9726968021
Ramp_04_019,630,-87.8892550533,41.972682035,Ramp_04_006,381,-87.8892510936,41.9723915542
Gate_04_001,176,-87.8931667159,41.9778188603,Ramp_04_009,52,-87.89359305,41.9775627865
Gate_04_002,174,-87.8930476541,41.9775711119,Ramp_04_009,52,-87.89359305,41.9775627865
Gate_04_003,175,-87.8928550018,41.9770871993,Ramp_04_010,53,-87.8935360139,41.9769522839
Gate_04_004,173,-87.8925823594,41.9765932238,Ramp_04_011,54,-87.8933105957,41.9762639965
Gate_04_005,172,-87.892395208,41.976152678,Ramp_04_012,613,-87.893322639,41.9758590407
Gate_04_006,168,-87.8920985905,41.9757005261,Ramp_04_012,613,-87.893322639,41.9758590407
Gate_04_007,171,-87.8920395198,41.975066418,Ramp_04_013,607,-87.8933136154,41.9748203998
Gate_04_008,170,-87.8919459482,41.9742618576,Ramp_04_013,607,-87.8933136154,41.9748203998
Gate_04_009,169,-87.8919286635,41.9739279852,Ramp_04_014,51,-87.8932891529,41.9734627355
Gate_04_010,167,-87.8913832369,41.9736491749,Ramp_04_016,50,-87.8922083284,41.9726787566
Gate_04_011,166,-87.8908547521,41.9736860357,Ramp_04_017,604,-87.8909928705,41.9726811466
Gate_04_012,165,-87.8899305375,41.9736490796,Ramp_04_018,49,-87.8899370125,41.9726884164
Gate_04_013,164,-87.8889684446,41.9736360404,Ramp_04_028,48,-87.8889554146,41.9726800529
Gate_04_014,163,-87.8885319732,41.9736248478,Ramp_04_020,47,-87.8884631326,41.9726800289
Gate_04_015,161,-87.8880305001,41.9736377872,Ramp_04_021,46,-87.8879468357,41.9726924974
Gate_04_016,162,-87.8871626365,41.9736415873,Ramp_04_022,45,-87.8870700536,41.9726968021
Ramp_04_022,45,-87.8870700536,41.9726968021,Ramp_04_023,601,-87.8865741029,41.972685189
Ramp_04_023,601,-87.8865741029,41.972685189,Ramp_04_024,44,-87.8856661215,41.9727054008
Ramp_04_024,44,-87.8856661215,41.9727054008,Ramp_04_025,43,-87.8845633767,41.9726854682
Ramp_04_023,601,-87.8865741029,41.972685189,Ramp_04_007,380,-87.8865633408,41.9723930397
Ramp_04_025,43,-87.8845633767,41.9726854682,Ramp_04_026,646,-87.8836437551,41.972684217
Ramp_04_026,646,-87.8836437551,41.972684217,Ramp_04_008,379,-87.8836357843,41.9723960376
Ramp_04_026,646,-87.8836437551,41.972684217,Ramp_04_027,42,-87.8836761757,41.97334108
Gate_04_020,157,-87.8847482003,41.9738853553,Ramp_04_025,43,-87.8845633767,41.9726854682
Gate_04_021,155,-87.8845993273,41.9740088734,Ramp_04_027,42,-87.8836761757,41.97334108
Gate_04_019,158,-87.8849890643,41.9736861331,Ramp_04_025,43,-87.8845633767,41.9726854682
Gate_04_018,159,-87.8856825045,41.9736804988,Ramp_04_024,44,-87.8856661215,41.9727054008
Gate_04_017,160,-87.8863515653,41.9736767844,Ramp_04_023,601,-87.8865741029,41.972685189
Ramp_03_061,387,-87.8957028553,41.9778700724,Txy_A_017,545,-87.8952242572,41.9778918997
Ramp_03_060,331,-87.8963204405,41.9778604145,Ramp_03_061,387,-87.8957028553,41.9778700724
Ramp_03_058,333,-87.898059355,41.9780475433,Ramp_03_059,334,-87.897355388,41.9778620133
Ramp_03_059,334,-87.897355388,41.9778620133,Ramp_03_060,331,-87.8963204405,41.9778604145
Gate_03_001,330,-87.898643195,41.9775707279,Ramp_03_058,333,-87.898059355,41.9780475433
Gate_03_002,328,-87.8981473469,41.977426942,Ramp_03_058,333,-87.898059355,41.9780475433
Gate_03_003,329,-87.8976516268,41.9773075501,Ramp_03_059,334,-87.897355388,41.9778620133
Gate_03_004,327,-87.8971157403,41.9772122459,Ramp_03_059,334,-87.897355388,41.9778620133
Gate_03_005,326,-87.8966350813,41.977236739,Ramp_03_060,331,-87.8963204405,41.9778604145
Txy_A_016,548,-87.8952124216,41.97558064,Ramp_03_038,388,-87.8956925195,41.9757073388
Ramp_03_038,388,-87.8956925195,41.9757073388,Ramp_03_039,40,-87.8961326238,41.9758714078
Ramp_03_039,40,-87.8961326238,41.9758714078,Ramp_03_044,64,-87.8966990052,41.976006825
Ramp_03_044,64,-87.8966990052,41.976006825,Ramp_03_048,127,-87.8972839515,41.976170088
Ramp_03_048,127,-87.8972839515,41.976170088,Ramp_03_051,63,-87.8980777287,41.9763890778
Ramp_03_051,63,-87.8980777287,41.9763890778,Ramp_03_052,126,-87.8985178599,41.9765091189
Ramp_03_052,126,-87.8985178599,41.9765091189,Ramp_03_055,57,-87.8989023653,41.9765979532
Ramp_03_057,58,-87.8996070843,41.9761968772,Ramp_03_054,390,-87.8988797658,41.9760501536
Ramp_03_054,390,-87.8988797658,41.9760501536,Ramp_03_049,59,-87.8981919848,41.9758536955
Ramp_03_049,59,-87.8981919848,41.9758536955,Ramp_03_046,389,-87.8976381318,41.9757027018
Ramp_03_046,389,-87.8976381318,41.9757027018,Ramp_03_045,62,-87.8971937859,41.9755575041
Ramp_03_045,62,-87.8971937859,41.9755575041,Ramp_03_042,61,-87.8967331129,41.9754200638
Ramp_03_042,61,-87.8967331129,41.9754200638,Ramp_03_041,60,-87.8963467377,41.97533322
Ramp_03_041,60,-87.8963467377,41.97533322,Ramp_03_036,391,-87.8956786093,41.9751219458
Ramp_03_036,391,-87.8956786093,41.9751219458,Txy_A_014,551,-87.8952091369,41.9749756987
Ramp_03_038,388,-87.8956925195,41.9757073388,Ramp_03_037,128,-87.8956850652,41.9754408875
Ramp_03_039,40,-87.8961326238,41.9758714078,Ramp_03_040,41,-87.8964059536,41.9756871264
Ramp_03_044,64,-87.8966990052,41.976006825,Ramp_03_043,55,-87.8969169856,41.9758236352
Ramp_03_041,60,-87.8963467377,41.97533322,Ramp_03_037,128,-87.8956850652,41.9754408875
Ramp_03_042,61,-87.8967331129,41.9754200638,Ramp_03_040,41,-87.8964059536,41.9756871264
Ramp_03_045,62,-87.8971937859,41.9755575041,Ramp_03_043,55,-87.8969169856,41.9758236352
Ramp_03_046,389,-87.8976381318,41.9757027018,Ramp_03_047,320,-87.8974178229,41.975967433
Ramp_03_047,320,-87.8974178229,41.975967433,Ramp_03_048,127,-87.8972839515,41.976170088
Ramp_03_049,59,-87.8981919848,41.9758536955,Ramp_03_050,56,-87.8981100276,41.9761602259
Ramp_03_050,56,-87.8981100276,41.9761602259,Ramp_03_051,63,-87.8980777287,41.9763890778
Ramp_03_053,332,-87.8987464483,41.9763252454,Ramp_03_052,126,-87.8985178599,41.9765091189
Ramp_03_054,390,-87.8988797658,41.9760501536,Ramp_03_053,332,-87.8987464483,41.9763252454
Ramp_03_056,39,-87.8992630027,41.9764124491,Ramp_03_055,57,-87.8989023653,41.9765979532
Ramp_03_056,39,-87.8992630027,41.9764124491,Ramp_03_057,58,-87.8996070843,41.9761968772
Ramp_03_056,39,-87.8992630027,41.9764124491,Ramp_03_053,332,-87.8987464483,41.9763252454
Ramp_03_053,332,-87.8987464483,41.9763252454,Ramp_03_050,56,-87.8981100276,41.9761602259
Ramp_03_050,56,-87.8981100276,41.9761602259,Ramp_03_047,320,-87.8974178229,41.975967433
Ramp_03_047,320,-87.8974178229,41.975967433,Ramp_03_043,55,-87.8969169856,41.9758236352
Ramp_03_043,55,-87.8969169856,41.9758236352,Ramp_03_040,41,-87.8964059536,41.9756871264
Ramp_03_040,41,-87.8964059536,41.9756871264,Ramp_03_037,128,-87.8956850652,41.9754408875
Ramp_03_037,128,-87.8956850652,41.9754408875,Txy_A_015,547,-87.8952164551,41.9752943624
Ramp_03_033,156,-87.899329878,41.9742381759,Ramp_03_032,38,-87.8991288739,41.9740332851
Ramp_03_032,38,-87.8991288739,41.9740332851,Ramp_03_030,154,-87.8987885251,41.9736800766
Ramp_03_030,154,-87.8987885251,41.9736800766,Ramp_03_027,69,-87.8983530062,41.9732082744
Ramp_03_027,69,-87.8983530062,41.9732082744,Ramp_03_023,393,-87.8979898568,41.9728402986
Ramp_03_032,38,-87.8991288739,41.9740332851,Ramp_03_029,151,-87.8991134714,41.9735032344
Ramp_03_029,151,-87.8991134714,41.9735032344,Ramp_03_028,70,-87.8986841302,41.9730899019
Ramp_03_028,70,-87.8986841302,41.9730899019,Ramp_03_022,394,-87.8982964993,41.9726987495
Ramp_03_022,394,-87.8982964993,41.9726987495,Txy_A_A16,584,-87.8981139412,41.9723660969
Ramp_03_032,38,-87.8991288739,41.9740332851,Ramp_03_031,153,-87.8984803633,41.9738434818
Ramp_03_031,153,-87.8984803633,41.9738434818,Ramp_03_026,68,-87.8980173428,41.9733443918
Ramp_03_026,68,-87.8980173428,41.9733443918,Ramp_03_024,392,-87.8976617148,41.9729625802
Ramp_03_024,392,-87.8976617148,41.9729625802,Ramp_03_025,65,-87.8973936527,41.9731543202
Ramp_03_024,392,-87.8976617148,41.9729625802,Txy_A_A17,583,-87.8973432538,41.9726995097
Ramp_03_029,151,-87.8991134714,41.9735032344,Ramp_03_030,154,-87.8987885251,41.9736800766
Ramp_03_030,154,-87.8987885251,41.9736800766,Ramp_03_031,153,-87.8984803633,41.9738434818
Ramp_03_028,70,-87.8986841302,41.9730899019,Ramp_03_027,69,-87.8983530062,41.9732082744
Ramp_03_027,69,-87.8983530062,41.9732082744,Ramp_03_026,68,-87.8980173428,41.9733443918
Ramp_03_022,394,-87.8982964993,41.9726987495,Ramp_03_023,393,-87.8979898568,41.9728402986
Ramp_03_023,393,-87.8979898568,41.9728402986,Ramp_03_024,392,-87.8976617148,41.9729625802
Ramp_03_021,77,-87.9016144988,41.9751805416,Ramp_03_018,134,-87.9015878862,41.9748225658
Ramp_03_018,134,-87.9015878862,41.9748225658,Ramp_03_017,71,-87.9015818165,41.9744214886
Ramp_03_017,71,-87.9015818165,41.9744214886,Ramp_03_014,72,-87.9015882955,41.9740532034
Ramp_03_014,72,-87.9015882955,41.9740532034,Ramp_03_009,130,-87.9015711377,41.9736561931
Ramp_03_009,130,-87.9015711377,41.9736561931,Ramp_03_008,73,-87.901584793,41.9733127712
Ramp_03_008,73,-87.901584793,41.9733127712,Ramp_03_005,74,-87.9015882012,41.9729596019
Ramp_03_005,74,-87.9015882012,41.9729596019,Ramp_03_003,395,-87.9015904939,41.9724086762
Ramp_03_003,395,-87.9015904939,41.9724086762,Txy_A_013,552,-87.9015817048,41.9720470392
Ramp_03_002,396,-87.9018367885,41.9724086767,Txy_A_012,553,-87.90183079,41.9720469786
Ramp_03_001,397,-87.9020909255,41.972414403,Txy_A_011,554,-87.9020882914,41.9720514473
Ramp_03_004,37,-87.9020848763,41.9729550998,Ramp_03_001,397,-87.9020909255,41.972414403
Ramp_03_001,397,-87.9020909255,41.972414403,Ramp_03_002,396,-87.9018367885,41.9724086767
Ramp_03_002,396,-87.9018367885,41.9724086767,Ramp_03_003,395,-87.9015904939,41.9724086762
Ramp_03_006,75,-87.9020762061,41.9732881252,Ramp_03_007,33,-87.9018239002,41.9733009756
Ramp_03_007,33,-87.9018239002,41.9733009756,Ramp_03_008,73,-87.901584793,41.9733127712
Ramp_03_011,132,-87.9020904485,41.9735337234,Ramp_03_010,131,-87.9018128342,41.9735875437
Ramp_03_010,131,-87.9018128342,41.9735875437,Ramp_03_009,130,-87.9015711377,41.9736561931
Ramp_03_012,36,-87.9020943185,41.9738975314,Ramp_03_011,132,-87.9020904485,41.9735337234
Ramp_03_011,132,-87.9020904485,41.9735337234,Ramp_03_006,75,-87.9020762061,41.9732881252
Ramp_03_010,131,-87.9018128342,41.9735875437,Ramp_03_007,33,-87.9018239002,41.9733009756
Ramp_03_006,75,-87.9020762061,41.9732881252,Ramp_03_004,37,-87.9020848763,41.9729550998
Ramp_03_012,36,-87.9020943185,41.9738975314,Ramp_03_013,34,-87.901820287,41.9739706913
Ramp_03_013,34,-87.901820287,41.9739706913,Ramp_03_014,72,-87.9015882955,41.9740532034
Ramp_03_015,76,-87.9020961947,41.974269152,Ramp_03_016,35,-87.901831448,41.9743387691
Ramp_03_016,35,-87.901831448,41.9743387691,Ramp_03_017,71,-87.9015818165,41.9744214886
Ramp_03_020,133,-87.9020857442,41.9748073404,Ramp_03_019,129,-87.9018268683,41.9748106296
Ramp_03_019,129,-87.9018268683,41.9748106296,Ramp_03_018,134,-87.9015878862,41.9748225658
Ramp_03_019,129,-87.9018268683,41.9748106296,Ramp_03_016,35,-87.901831448,41.9743387691
Ramp_03_016,35,-87.901831448,41.9743387691,Ramp_03_013,34,-87.901820287,41.9739706913
Ramp_03_013,34,-87.901820287,41.9739706913,Ramp_03_010,131,-87.9018128342,41.9735875437
Ramp_03_015,76,-87.9020961947,41.974269152,Ramp_03_012,36,-87.9020943185,41.9738975314
Ramp_03_020,133,-87.9020857442,41.9748073404,Ramp_03_015,76,-87.9020961947,41.974269152
Ramp_02_009,401,-87.9049040206,41.9724745255,Txy_A_008,558,-87.9049063298,41.9721114386
Ramp_02_010,399,-87.904661662,41.9724609603,Txy_A_009,557,-87.9046459904,41.9720960234
Ramp_02_011,398,-87.9043946998,41.9724383933,Txy_A_010,556,-87.9044299607,41.9720828156
Ramp_02_009,401,-87.9049040206,41.9724745255,Ramp_02_010,399,-87.904661662,41.9724609603
Ramp_02_010,399,-87.904661662,41.9724609603,Ramp_02_011,398,-87.9043946998,41.9724383933
Ramp_02_015,87,-87.9049253941,41.9733206359,Ramp_02_009,401,-87.9049040206,41.9724745255
Ramp_02_031,91,-87.9049824191,41.9756172755,Ramp_02_030,90,-87.9050536136,41.9751977919
Ramp_02_030,90,-87.9050536136,41.9751977919,Ramp_02_026,139,-87.9049080857,41.9748176106
Ramp_02_029,81,-87.9045973623,41.9750416677,Ramp_02_026,139,-87.9049080857,41.9748176106
Ramp_02_029,81,-87.9045973623,41.9750416677,Ramp_02_028,138,-87.9044162616,41.9748035778
Ramp_02_028,138,-87.9044162616,41.9748035778,Ramp_02_023,82,-87.9043915111,41.9745512225
Ramp_02_026,139,-87.9049080857,41.9748176106,Ramp_02_025,89,-87.9049163045,41.9745096313
Ramp_02_025,89,-87.9049163045,41.9745096313,Ramp_02_021,88,-87.9049253019,41.9741192143
Ramp_02_021,88,-87.9049253019,41.9741192143,Ramp_02_016,136,-87.9049223367,41.9738382017
Ramp_02_016,136,-87.9049223367,41.9738382017,Ramp_02_015,87,-87.9049253941,41.9733206359
Ramp_02_023,82,-87.9043915111,41.9745512225,Ramp_02_022,83,-87.9044005036,41.9743182424
Ramp_02_019,84,-87.9044064955,41.9740608065,Ramp_02_018,135,-87.9043975308,41.9738122716
Ramp_02_018,135,-87.9043975308,41.9738122716,Ramp_02_013,86,-87.9043824056,41.9733361271
Ramp_02_013,86,-87.9043824056,41.9733361271,Ramp_02_012,85,-87.9043823857,41.9728658503
Ramp_02_012,85,-87.9043823857,41.9728658503,Ramp_02_011,398,-87.9043946998,41.9724383933
Ramp_02_015,87,-87.9049253941,41.9733206359,Ramp_02_014,78,-87.9046579792,41.9733451762
Ramp_02_014,78,-87.9046579792,41.9733451762,Ramp_02_013,86,-87.9043824056,41.9733361271
Ramp_02_014,78,-87.9046579792,41.9733451762,Ramp_02_010,399,-87.904661662,41.9724609603
Ramp_02_017,137,-87.9046508185,41.9738448598,Ramp_02_014,78,-87.9046579792,41.9733451762
Ramp_02_016,136,-87.9049223367,41.9738382017,Ramp_02_017,137,-87.9046508185,41.9738448598
Ramp_02_017,137,-87.9046508185,41.9738448598,Ramp_02_018,135,-87.9043975308,41.9738122716
Ramp_02_020,79,-87.9046460674,41.9741620027,Ramp_02_022,83,-87.9044005036,41.9743182424
Ramp_02_022,83,-87.9044005036,41.9743182424,Ramp_02_019,84,-87.9044064955,41.9740608065
Ramp_02_024,80,-87.9046549871,41.9745235615,Ramp_02_020,79,-87.9046460674,41.9741620027
Ramp_02_020,79,-87.9046460674,41.9741620027,Ramp_02_017,137,-87.9046508185,41.9738448598
Ramp_02_027,140,-87.9046550435,41.9748140647,Ramp_02_024,80,-87.9046549871,41.9745235615
Ramp_02_026,139,-87.9049080857,41.9748176106,Ramp_02_027,140,-87.9046550435,41.9748140647
Ramp_02_027,140,-87.9046550435,41.9748140647,Ramp_02_028,138,-87.9044162616,41.9748035778
Ramp_02_025,89,-87.9049163045,41.9745096313,Ramp_02_024,80,-87.9046549871,41.9745235615
Ramp_02_024,80,-87.9046549871,41.9745235615,Ramp_02_023,82,-87.9043915111,41.9745512225
Ramp_02_021,88,-87.9049253019,41.9741192143,Ramp_02_020,79,-87.9046460674,41.9741620027
Ramp_02_020,79,-87.9046460674,41.9741620027,Ramp_02_019,84,-87.9044064955,41.9740608065
Ramp_02_006,32,-87.9070881076,41.9743287606,Ramp_02_005,144,-87.9072462931,41.9741451325
Ramp_02_005,144,-87.9072462931,41.9741451325,Ramp_02_004,142,-87.907464581,41.9739104883
Ramp_02_004,142,-87.907464581,41.9739104883,Ramp_02_003,402,-87.9080361481,41.9732919678
Ramp_02_003,402,-87.9080361481,41.9732919678,Txy_A_006,563,-87.9083194104,41.9729905937
Ramp_02_001,143,-87.9077443624,41.9740318347,Ramp_02_002,403,-87.9082658568,41.9734547012
Ramp_02_002,403,-87.9082658568,41.9734547012,Txy_A_005,564,-87.9085591358,41.9731644218
Ramp_02_007,141,-87.9072110347,41.9737956616,Ramp_02_008,400,-87.9078100356,41.9731399328
Ramp_02_008,400,-87.9078100356,41.9731399328,Txy_A_007,562,-87.9080796714,41.9728321722
Ramp_02_002,403,-87.9082658568,41.9734547012,Ramp_02_003,402,-87.9080361481,41.9732919678
Ramp_02_003,402,-87.9080361481,41.9732919678,Ramp_02_008,400,-87.9078100356,41.9731399328
Ramp_02_001,143,-87.9077443624,41.9740318347,Ramp_02_004,142,-87.907464581,41.9739104883
Ramp_02_004,142,-87.907464581,41.9739104883,Ramp_02_007,141,-87.9072110347,41.9737956616
Txy_A_A8,568,-87.9112214496,41.9755082987,Ramp_01_024,406,-87.9108043724,41.9756895535
Ramp_01_024,406,-87.9108043724,41.9756895535,Ramp_01_025,115,-87.9100836812,41.9758893035
Ramp_01_025,115,-87.9100836812,41.9758893035,Ramp_01_026,405,-87.9095769395,41.9760305552
Ramp_01_027,149,-87.9093884702,41.9767544682,Ramp_01_026,405,-87.9095769395,41.9760305552
Ramp_01_020,150,-87.9087047983,41.9764608687,Ramp_01_026,405,-87.9095769395,41.9760305552
Ramp_01_020,150,-87.9087047983,41.9764608687,Ramp_01_021,152,-87.9089383837,41.9756710569
Ramp_01_039,148,-87.9078201228,41.9759686638,Ramp_01_021,152,-87.9089383837,41.9756710569
Ramp_01_040,145,-87.9067710797,41.9762458938,Ramp_01_039,148,-87.9078201228,41.9759686638
Txy_A_003,567,-87.9108199893,41.9751111707,Ramp_01_023,404,-87.9103376277,41.9752427523
Ramp_01_023,404,-87.9103376277,41.9752427523,Ramp_01_022,92,-87.9095784881,41.9754673808
Ramp_01_022,92,-87.9095784881,41.9754673808,Ramp_01_021,152,-87.9089383837,41.9756710569
Ramp_01_020,150,-87.9087047983,41.9764608687,Ramp_01_039,148,-87.9078201228,41.9759686638
Ramp_01_031,111,-87.908980707,41.9785688804,Ramp_01_030,112,-87.9090826814,41.9781232793
Ramp_01_030,112,-87.9090826814,41.9781232793,Ramp_01_029,113,-87.9091922382,41.9776379708
Ramp_01_029,113,-87.9091922382,41.9776379708,Ramp_01_028,114,-87.9092942242,41.9771543283
Ramp_01_028,114,-87.9092942242,41.9771543283,Ramp_01_027,149,-87.9093884702,41.9767544682
Ramp_01_019,93,-87.9086157338,41.9768695298,Ramp_01_020,150,-87.9087047983,41.9764608687
Ramp_01_018,94,-87.9085267576,41.9772972584,Ramp_01_019,93,-87.9086157338,41.9768695298
Ramp_01_017,95,-87.9084524953,41.9776423528,Ramp_01_018,94,-87.9085267576,41.9772972584
Ramp_01_016,96,-87.9083522082,41.9780570086,Ramp_01_017,95,-87.9084524953,41.9776423528
Ramp_01_015,97,-87.9082742237,41.9784297549,Ramp_01_016,96,-87.9083522082,41.9780570086
Ramp_01_014,98,-87.9081665277,41.9789377833,Ramp_01_015,97,-87.9082742237,41.9784297549
Ramp_01_013,99,-87.908047473,41.9794541906,Ramp_01_014,98,-87.9081665277,41.9789377833
Ramp_01_032,110,-87.9088327304,41.9791794928,Ramp_01_031,111,-87.908980707,41.9785688804
Ramp_01_033,109,-87.908728181,41.979672316,Ramp_01_032,110,-87.9088327304,41.9791794928
Ramp_01_012,100,-87.9079658206,41.9798074941,Ramp_01_013,99,-87.908047473,41.9794541906
Txy_A_001,117,-87.908645584,41.9825104869,Ramp_01_038,147,-87.9086310101,41.9821323547
Txy_A_025,116,-87.9079254163,41.9826954051,Ramp_01_007,146,-87.9079332928,41.982322359
Ramp_01_038,147,-87.9086310101,41.9821323547,Ramp_01_037,105,-87.9085475777,41.9815938267
Ramp_01_007,146,-87.9079332928,41.982322359,Ramp_01_008,104,-87.9078400485,41.9815534678
Ramp_01_037,105,-87.9085475777,41.9815938267,Ramp_01_036,106,-87.9084836057,41.9810417348
Ramp_01_008,104,-87.9078400485,41.9815534678,Ramp_01_009,103,-87.90773972,41.9809569341
Ramp_01_009,103,-87.90773972,41.9809569341,Ramp_01_010,102,-87.9077917457,41.9805395811
Ramp_01_010,102,-87.9077917457,41.9805395811,Ramp_01_011,101,-87.9078882702,41.9801530903
Ramp_01_011,101,-87.9078882702,41.9801530903,Ramp_01_012,100,-87.9079658206,41.9798074941
Ramp_01_036,106,-87.9084836057,41.9810417348,Ramp_01_035,107,-87.9085370981,41.9805179246
Ramp_01_035,107,-87.9085370981,41.9805179246,Ramp_01_034,108,-87.9086261988,41.980112211
Ramp_01_034,108,-87.9086261988,41.980112211,Ramp_01_033,109,-87.908728181,41.979672316
Txy_A_R,574,-87.9107421373,41.98163579,Txy_A_002,575,-87.9096494985,41.9821421123
Txy_A_050,10,-87.9113688119,41.981131174,Txy_A_R,574,-87.9107421373,41.98163579
Txy_A_E,573,-87.9116333539,41.9808191824,Txy_A_050,10,-87.9113688119,41.981131174
Txy_A_E,573,-87.9116333539,41.9808191824,Txy_A_051,9,-87.911990521,41.9803114394
Txy_A_051,9,-87.911990521,41.9803114394,Txy_A_A4,572,-87.9123472884,41.9798239801
Txy_A_A4,572,-87.9123472884,41.9798239801,Txy_A_052,8,-87.9127804423,41.979162285
Txy_A_052,8,-87.9127804423,41.979162285,Txy_A_A5,571,-87.9129717346,41.9785492566
Txy_A_A5,571,-87.9129717346,41.9785492566,Txy_A_A6,570,-87.9129251712,41.9776842191
Txy_A_A6,570,-87.9129251712,41.9776842191,Txy_A_053,5,-87.912645086,41.9770714633
Txy_A_053,5,-87.912645086,41.9770714633,Txy_A_A7,569,-87.9122120113,41.9765333975
Txy_A_A7,569,-87.9122120113,41.9765333975,Txy_A_054,6,-87.9116759475,41.9759635753
Txy_A_054,6,-87.9116759475,41.9759635753,Txy_A_A8,568,-87.9112214496,41.9755082987
Gate_07_001,25,-87.894619885,41.9902097152,Ramp_07_007,335,-87.8930407655,41.9902025648
Ramp_07_007,335,-87.8930407655,41.9902025648,Gate_07_005,21,-87.8919305008,41.9901911587
Gate_07_002,24,-87.8945871328,41.9893837987,Ramp_07_006,336,-87.8930230948,41.9894178246
Ramp_07_006,336,-87.8930230948,41.9894178246,Gate_07_004,22,-87.8917201024,41.989291184
Ramp_07_005,338,-87.8930323467,41.9884333278,Gate_07_003,23,-87.8917070181,41.9886552885
Ramp_07_003,339,-87.8930504504,41.9876450063,Gate_07_006,20,-87.8916742062,41.9879164302
Ramp_01_006,26,-87.9071259263,41.9823647166,Ramp_01_005,31,-87.9061139197,41.982393607
Ramp_01_005,31,-87.9061139197,41.982393607,Ramp_01_004,30,-87.9056053346,41.9823872367
Ramp_01_004,30,-87.9056053346,41.9823872367,Ramp_01_003,29,-87.9051489873,41.9823984443
Ramp_01_003,29,-87.9051489873,41.9823984443,Ramp_01_002,28,-87.9046510519,41.9823956405
Ramp_01_002,28,-87.9046510519,41.9823956405,Ramp_01_001,27,-87.9041607046,41.9823956323
Txy_A_025,116,-87.9079254163,41.9826954051,Ramp_01_006,26,-87.9071259263,41.9823647166
Ramp_01_006,26,-87.9071259263,41.9823647166,Gate_01_006,222,-87.9065468123,41.9817511535
Ramp_01_005,31,-87.9061139197,41.982393607,Gate_01_005,223,-87.9061179312,41.9818158831
Ramp_01_004,30,-87.9056053346,41.9823872367,Gate_01_004,224,-87.905623088,41.9820201756
Ramp_01_003,29,-87.9051489873,41.9823984443,Gate_01_003,225,-87.9051476254,41.9820250101
Ramp_01_002,28,-87.9046510519,41.9823956405,Gate_01_002,226,-87.9046623986,41.9820154194
Ramp_01_001,27,-87.9041607046,41.9823956323,Gate_01_001,227,-87.9041927978,41.9820322278
Ramp_01_008,104,-87.9078400485,41.9815534678,Gate_01_007,221,-87.9067862064,41.9814023765
Ramp_01_009,103,-87.90773972,41.9809569341,Gate_01_008,220,-87.9068606463,41.9811714082
Ramp_01_009,103,-87.90773972,41.9809569341,Gate_01_009,219,-87.906905959,41.9808466006
Ramp_01_010,102,-87.9077917457,41.9805395811,Gate_01_010,218,-87.9069674942,41.9803556775
Ramp_01_011,101,-87.9078882702,41.9801530903,Gate_01_011,217,-87.9070387275,41.9800236912
Ramp_01_012,100,-87.9079658206,41.9798074941,Gate_01_012,216,-87.9072037197,41.9796940529
Gate_01_013,215,-87.9072909482,41.9793428924,Ramp_01_013,99,-87.908047473,41.9794541906
Ramp_01_014,98,-87.9081665277,41.9789377833,Gate_01_014,214,-87.9073382991,41.9788170299
Ramp_01_015,97,-87.9082742237,41.9784297549,Gate_01_015,213,-87.9074686816,41.9783262245
Ramp_01_016,96,-87.9083522082,41.9780570086,Gate_01_016,212,-87.9075490168,41.9778972309
Ramp_01_019,93,-87.9086157338,41.9768695298,Gate_01_020,209,-87.9078032849,41.9769166296
Ramp_01_039,148,-87.9078201228,41.9759686638,Gate_01_021,208,-87.9075783217,41.9766938978
Gate_01_022,207,-87.9070685566,41.9767878306,Ramp_01_040,145,-87.9067710797,41.9762458938
Ramp_01_017,95,-87.9084524953,41.9776423528,Gate_01_017,211,-87.9076905739,41.9775442452
Ramp_01_018,94,-87.9085267576,41.9772972584,Gate_01_019,210,-87.9077589871,41.9771961148
Gate_01_036,193,-87.9103456023,41.9763839581,Ramp_01_025,115,-87.9100836812,41.9758893035
Gate_01_037,192,-87.9106695977,41.9763921191,Ramp_01_024,406,-87.9108043724,41.9756895535
Txy_A_054,6,-87.9116759475,41.9759635753,Gate_01_038,191,-87.9110467051,41.9763909728
Gate_01_035,194,-87.9101780037,41.9765962168,Ramp_01_026,405,-87.9095769395,41.9760305552
Gate_01_034,195,-87.9100734307,41.9769004761,Ramp_01_027,149,-87.9093884702,41.9767544682
Gate_01_033,196,-87.9102024707,41.9772557686,Ramp_01_028,114,-87.9092942242,41.9771543283
Gate_01_032,197,-87.9099906606,41.9777238909,Ramp_01_029,113,-87.9091922382,41.9776379708
Gate_01_031,198,-87.9098640072,41.9782206241,Ramp_01_030,112,-87.9090826814,41.9781232793
Gate_01_030,199,-87.9098144027,41.9786705192,Ramp_01_031,111,-87.908980707,41.9785688804
Gate_01_029,200,-87.9097346874,41.9792921572,Ramp_01_032,110,-87.9088327304,41.9791794928
Gate_01_028,201,-87.9096328624,41.9797770004,Ramp_01_033,109,-87.908728181,41.979672316
Gate_01_027,202,-87.9094748284,41.9802206736,Ramp_01_034,108,-87.9086261988,41.980112211
Gate_01_026,203,-87.9093152897,41.9806051083,Ramp_01_035,107,-87.9085370981,41.9805179246
Gate_01_025,204,-87.9092960302,41.9809795815,Ramp_01_036,106,-87.9084836057,41.9810417348
Gate_01_024,205,-87.9094831909,41.9813068469,Ramp_01_038,147,-87.9086310101,41.9821323547
Gate_01_052,177,-87.9100923768,41.9812265183,Txy_A_002,575,-87.9096494985,41.9821421123
Gate_01_023,206,-87.9098288627,41.9812540727,Txy_A_002,575,-87.9096494985,41.9821421123
Txy_A_050,10,-87.9113688119,41.981131174,Gate_01_051,178,-87.9102382603,41.9810464244
Txy_A_050,10,-87.9113688119,41.981131174,Gate_01_050,179,-87.9103758128,41.9808295777
Txy_A_E,573,-87.9116333539,41.9808191824,Gate_01_049,180,-87.9104363459,41.9804673283
Txy_A_051,9,-87.911990521,41.9803114394,Gate_01_048,181,-87.9105353694,41.9800830292
Gate_01_047,182,-87.9104748185,41.9797394131,Txy_A_051,9,-87.911990521,41.9803114394
Gate_01_046,183,-87.9109179054,41.9794734322,Txy_A_A4,572,-87.9123472884,41.9798239801
Txy_A_052,8,-87.9127804423,41.979162285,Gate_01_045,184,-87.9110306504,41.9789130162
Gate_01_044,185,-87.9111938108,41.9783036668,Txy_A_A5,571,-87.9129717346,41.9785492566
Gate_01_043,186,-87.9110190892,41.977913306,Txy_A_A6,570,-87.9129251712,41.9776842191
Gate_01_042,187,-87.9110958486,41.9776436769,Txy_A_A6,570,-87.9129251712,41.9776842191
Txy_A_A7,569,-87.9122120113,41.9765333975,Gate_01_039,190,-87.911210589,41.9766247738
Txy_A_053,5,-87.912645086,41.9770714633,Gate_01_040,189,-87.9110596181,41.9769085945
Txy_A_053,5,-87.912645086,41.9770714633,Gate_01_041,188,-87.9111173384,41.9772149342
Ramp_01_023,404,-87.9103376277,41.9752427523,Gate_02_019,238,-87.9094661425,41.9747147603
Ramp_01_022,92,-87.9095784881,41.9754673808,Gate_02_020,237,-87.9091836271,41.9748668512
Ramp_01_021,152,-87.9089383837,41.9756710569,Gate_02_021,228,-87.908745909,41.9750294306
Gate_02_022,236,-87.9083661338,41.9750962176,Ramp_01_021,152,-87.9089383837,41.9756710569
Gate_02_023,235,-87.9078636335,41.9752405525,Ramp_01_021,152,-87.9089383837,41.9756710569
Ramp_01_039,148,-87.9078201228,41.9759686638,Gate_02_024,234,-87.907318067,41.9753924701
Ramp_01_039,148,-87.9078201228,41.9759686638,Gate_02_025,233,-87.9069849067,41.9755033927
Gate_02_026,232,-87.9065803911,41.9755200617,Ramp_01_040,145,-87.9067710797,41.9762458938
Gate_02_027,229,-87.9063003495,41.9757085464,Ramp_01_040,145,-87.9067710797,41.9762458938
Gate_02_028,231,-87.9061387836,41.9759016553,Ramp_01_040,145,-87.9067710797,41.9762458938
Ramp_01_040,145,-87.9067710797,41.9762458938,Gate_02_029,230,-87.9059402979,41.9763155119
Ramp_02_006,32,-87.9070881076,41.9743287606,Gate_02_014,243,-87.906818146,41.9745353492
Gate_02_015,242,-87.9074137715,41.9747582999,Ramp_02_006,32,-87.9070881076,41.9743287606
Ramp_02_001,143,-87.9077443624,41.9740318347,Ramp_02_005,144,-87.9072462931,41.9741451325
Ramp_02_005,144,-87.9072462931,41.9741451325,Ramp_02_007,141,-87.9072110347,41.9737956616
Gate_02_016,241,-87.9076958064,41.9746351411,Ramp_02_001,143,-87.9077443624,41.9740318347
Gate_02_017,240,-87.9081964994,41.9745574917,Ramp_02_001,143,-87.9077443624,41.9740318347
Gate_02_018,239,-87.9084488798,41.9744651454,Ramp_02_002,403,-87.9082658568,41.9734547012
Gate_02_030,122,-87.9088612945,41.9743844456,Ramp_02_002,403,-87.9082658568,41.9734547012
Ramp_02_006,32,-87.9070881076,41.9743287606,Gate_02_013,247,-87.9064590845,41.9743178219
Ramp_02_005,144,-87.9072462931,41.9741451325,Gate_02_012,246,-87.9064819133,41.9739654977
Ramp_02_007,141,-87.9072110347,41.9737956616,Gate_02_011,245,-87.9064889965,41.9736035848
Ramp_02_008,400,-87.9078100356,41.9731399328,Gate_02_010,244,-87.9065347316,41.9731278114
Txy_A_030,412,-87.906550267,41.9722094721,Gate_02_009,248,-87.9058779558,41.9727832897
Gate_02_008,249,-87.9054907983,41.9735805429,Ramp_02_015,87,-87.9049253941,41.9733206359
Gate_02_007,250,-87.9055017735,41.9738915587,Ramp_02_016,136,-87.9049223367,41.9738382017
Gate_02_006,251,-87.9055051652,41.9741670826,Ramp_02_021,88,-87.9049253019,41.9741192143
Gate_02_005,252,-87.9055107784,41.9744612662,Ramp_02_025,89,-87.9049163045,41.9745096313
Gate_02_004,253,-87.9057261654,41.9753930254,Ramp_02_030,90,-87.9050536136,41.9751977919
Gate_02_003,254,-87.9054786709,41.9755727327,Ramp_02_030,90,-87.9050536136,41.9751977919
Gate_02_002,255,-87.9052074586,41.9758504632,Ramp_02_031,91,-87.9049824191,41.9756172755
Ramp_02_029,81,-87.9045973623,41.9750416677,Gate_03_078,260,-87.9041079197,41.97518017
Ramp_02_027,140,-87.9046550435,41.9748140647,Ramp_02_029,81,-87.9045973623,41.9750416677
Ramp_02_028,138,-87.9044162616,41.9748035778,Gate_03_077,261,-87.9038563835,41.9751143176
Ramp_02_028,138,-87.9044162616,41.9748035778,Gate_03_076,262,-87.9036275692,41.9748018414
Ramp_02_023,82,-87.9043915111,41.9745512225,Gate_03_075,263,-87.9037600223,41.9745502557
Gate_03_074,264,-87.9036095259,41.9743026109,Ramp_02_022,83,-87.9044005036,41.9743182424
Gate_03_073,265,-87.9036747465,41.9740621354,Ramp_02_019,84,-87.9044064955,41.9740608065
Ramp_02_013,86,-87.9043824056,41.9733361271,Gate_03_071,267,-87.9039165253,41.9735118664
Ramp_02_013,86,-87.9043824056,41.9733361271,Gate_03_070,268,-87.9037680536,41.9733164113
Gate_03_072,266,-87.903719359,41.9737972721,Ramp_02_018,135,-87.9043975308,41.9738122716
Gate_03_067,271,-87.903803927,41.9726625549,Ramp_02_011,398,-87.9043946998,41.9724383933
Gate_03_066,272,-87.9035284356,41.9726357755,Ramp_02_011,398,-87.9043946998,41.9724383933
Gate_03_069,269,-87.9038337346,41.9730973732,Ramp_02_012,85,-87.9043823857,41.9728658503
Ramp_02_012,85,-87.9043823857,41.9728658503,Gate_03_068,270,-87.9038506001,41.9728957043
Txy_A_A13,559,-87.9041434901,41.9720723841,Gate_03_065,273,-87.9030255454,41.9726207715
Txy_A_A13,559,-87.9041434901,41.9720723841,Txy_A_A14,555,-87.9023548529,41.9720471266
Gate_03_062,276,-87.9026355487,41.9731464316,Ramp_03_006,75,-87.9020762061,41.9732881252
Gate_03_063,275,-87.9026096159,41.9729510634,Ramp_03_004,37,-87.9020848763,41.9729550998
Gate_03_064,274,-87.9025103291,41.9726630876,Ramp_03_001,397,-87.9020909255,41.972414403
Ramp_03_006,75,-87.9020762061,41.9732881252,Gate_03_061,277,-87.9026630905,41.9733924051
Gate_03_060,278,-87.9026208956,41.9737887186,Ramp_03_011,132,-87.9020904485,41.9735337234
Gate_03_059,279,-87.9026526173,41.9740808576,Ramp_03_012,36,-87.9020943185,41.9738975314
Gate_03_058,280,-87.9028259779,41.9742764274,Ramp_03_015,76,-87.9020961947,41.974269152
Gate_03_057,281,-87.9026322182,41.9745364275,Ramp_03_015,76,-87.9020961947,41.974269152
Gate_03_056,282,-87.9027679748,41.9747538529,Ramp_03_020,133,-87.9020857442,41.9748073404
Gate_03_055,283,-87.9027680171,41.9750891789,Ramp_03_020,133,-87.9020857442,41.9748073404
Gate_03_054,284,-87.9025632254,41.9753347378,Ramp_03_020,133,-87.9020857442,41.9748073404
Gate_03_043,285,-87.9020518867,41.975506325,Ramp_03_021,77,-87.9016144988,41.9751805416
Gate_03_053,295,-87.9019388175,41.9756958742,Ramp_03_021,77,-87.9016144988,41.9751805416
Gate_03_052,294,-87.901500634,41.9758403894,Ramp_03_021,77,-87.9016144988,41.9751805416
Gate_03_051,293,-87.9010761834,41.975616064,Ramp_03_021,77,-87.9016144988,41.9751805416
Gate_03_050,292,-87.900917204,41.9750724921,Ramp_03_018,134,-87.9015878862,41.9748225658
Gate_03_049,291,-87.9008941851,41.9747683098,Ramp_03_018,134,-87.9015878862,41.9748225658
Gate_03_048,290,-87.9008681282,41.9744283635,Ramp_03_017,71,-87.9015818165,41.9744214886
Gate_03_047,289,-87.9008479168,41.9740789325,Ramp_03_014,72,-87.9015882955,41.9740532034
Gate_03_046,288,-87.9008888716,41.9736996334,Ramp_03_009,130,-87.9015711377,41.9736561931
Gate_03_042,257,-87.9008182716,41.9726778317,Ramp_03_003,395,-87.9015904939,41.9724086762
Gate_03_044,286,-87.9008607784,41.9729673914,Ramp_03_005,74,-87.9015882012,41.9729596019
Gate_03_045,287,-87.900906658,41.9733188546,Ramp_03_008,73,-87.901584793,41.9733127712
Gate_03_035,307,-87.8993470593,41.974777527,Ramp_03_033,156,-87.899329878,41.9742381759
Gate_03_036,301,-87.900058707,41.9743248569,Ramp_03_033,156,-87.899329878,41.9742381759
Gate_03_037,300,-87.900004226,41.9739187524,Ramp_03_032,38,-87.8991288739,41.9740332851
Gate_03_034,306,-87.8990128915,41.9747067664,Ramp_03_033,156,-87.899329878,41.9742381759
Gate_03_033,305,-87.8985915518,41.9746037912,Ramp_03_032,38,-87.8991288739,41.9740332851
Gate_03_031,258,-87.898151865,41.9744572666,Ramp_03_031,153,-87.8984803633,41.9738434818
Gate_03_038,299,-87.8999730651,41.9736572821,Ramp_03_029,151,-87.8991134714,41.9735032344
Gate_03_039,298,-87.8998359849,41.9732158223,Ramp_03_029,151,-87.8991134714,41.9735032344
Gate_03_040,297,-87.8995934069,41.9729758393,Ramp_03_028,70,-87.8986841302,41.9730899019
Gate_03_041,296,-87.8991993735,41.9726829594,Ramp_03_022,394,-87.8982964993,41.9726987495
Gate_03_030,304,-87.8976950153,41.9741415586,Ramp_03_026,68,-87.8980173428,41.9733443918
Gate_03_025,303,-87.8972199445,41.9737276441,Ramp_03_025,65,-87.8973936527,41.9731543202
Ramp_03_025,65,-87.8973936527,41.9731543202,Ramp_03_034,66,-87.8966407887,41.9734935571
Ramp_03_034,66,-87.8966407887,41.9734935571,Ramp_03_035,67,-87.8961071716,41.9738850228
Gate_03_023,302,-87.8964389241,41.9740703023,Ramp_03_035,67,-87.8961071716,41.9738850228
Gate_03_024,259,-87.896636602,41.9738698501,Ramp_03_034,66,-87.8966407887,41.9734935571
Gate_03_011,319,-87.9003159591,41.9766574134,Ramp_03_057,58,-87.8996070843,41.9761968772
Gate_03_012,318,-87.9005504825,41.9763038238,Ramp_03_057,58,-87.8996070843,41.9761968772
Gate_03_013,317,-87.9003904781,41.9758699386,Ramp_03_057,58,-87.8996070843,41.9761968772
Gate_03_014,316,-87.899899455,41.9756947795,Ramp_03_057,58,-87.8996070843,41.9761968772
Gate_03_015,315,-87.8994733055,41.975495046,Ramp_03_054,390,-87.8988797658,41.9760501536
Gate_03_016,314,-87.8988613764,41.9753589492,Ramp_03_049,59,-87.8981919848,41.9758536955
Gate_03_017,313,-87.8983677827,41.9752450365,Ramp_03_046,389,-87.8976381318,41.9757027018
Gate_03_018,312,-87.8979403156,41.9751138053,Ramp_03_046,389,-87.8976381318,41.9757027018
Gate_03_019,311,-87.8974736491,41.9749980921,Ramp_03_045,62,-87.8971937859,41.9755575041
Gate_03_010,325,-87.8988523974,41.9769810862,Ramp_03_055,57,-87.8989023653,41.9765979532
Gate_03_009,324,-87.898354752,41.9768548399,Ramp_03_052,126,-87.8985178599,41.9765091189
Gate_03_008,323,-87.89787986,41.9767505875,Ramp_03_051,63,-87.8980777287,41.9763890778
Gate_03_007,321,-87.8972580386,41.9765872981,Ramp_03_048,127,-87.8972839515,41.976170088
Gate_03_006,322,-87.896720111,41.9765611546,Ramp_03_044,64,-87.8966990052,41.976006825
Gate_03_020,310,-87.897039554,41.9748889176,Ramp_03_042,61,-87.8967331129,41.9754200638
Gate_03_021,309,-87.896724161,41.9747991981,Ramp_03_041,60,-87.8963467377,41.97533322
Gate_03_022,308,-87.8962085078,41.9745696471,Ramp_03_036,391,-87.8956786093,41.9751219458
Ramp_05_006,711,-87.9115862739,41.9621890672,Ramp_05_005,13,-87.9102264114,41.9621863613
Ramp_05_005,13,-87.9102264114,41.9621863613,Ramp_05_004,12,-87.9094548626,41.9621899104
Ramp_05_004,12,-87.9094548626,41.9621899104,Ramp_05_003,707,-87.9084196765,41.9621885062
Ramp_05_006,711,-87.9115862739,41.9621890672,Ramp_05_007,11,-87.911544174,41.9611177849
Ramp_05_007,11,-87.911544174,41.9611177849,Ramp_05_008,7,-87.9115513356,41.9600704121
Gate_05_006,14,-87.9106768068,41.9600645986,Ramp_05_008,7,-87.9115513356,41.9600704121
Gate_05_005,18,-87.9104907689,41.9611162715,Ramp_05_007,11,-87.911544174,41.9611177849
Gate_05_004,19,-87.9105857774,41.9614076034,Ramp_05_006,711,-87.9115862739,41.9621890672
Gate_05_003,17,-87.9101881084,41.9613855502,Ramp_05_005,13,-87.9102264114,41.9621863613
Gate_05_002,16,-87.909481845,41.961376744,Ramp_05_004,12,-87.9094548626,41.9621899104
Gate_05_001,15,-87.9088651421,41.9613811686,Ramp_05_003,707,-87.9084196765,41.9621885062
Txy_N_N1,705,-87.9197174458,41.9673652911,Gate_08_001,723,-87.9193523709,41.9665626585
Txy_T_T3,523,-87.9216294425,41.9821217239,Txy_W_T4,4,-87.9209240456,41.9815405637
Txy_W_T4,4,-87.9209240456,41.9815405637,Txy_J_W,444,-87.9182041985,41.9816449904
Txy_W_T4,4,-87.9209240456,41.9815405637,Txy_T_001,522,-87.9203529327,41.981047608
Ramp_03_004,37,-87.9020848763,41.9729550998,Ramp_03_070,3,-87.9018321017,41.9729542221
Ramp_03_070,3,-87.9018321017,41.9729542221,Ramp_03_005,74,-87.9015882012,41.9729596019
Ramp_03_007,33,-87.9018239002,41.9733009756,Ramp_03_070,3,-87.9018321017,41.9729542221
Ramp_03_070,3,-87.9018321017,41.9729542221,Ramp_03_002,396,-87.9018367885,41.9724086767
Txy_A_A16,584,-87.8981139412,41.9723660969,Txy_A_055,2,-87.8977057669,41.9725383577
Ramp_03_023,393,-87.8979898568,41.9728402986,Txy_A_055,2,-87.8977057669,41.9725383577
Txy_A_A17,583,-87.8973432538,41.9726995097,Txy_A_055,2,-87.8977057669,41.9725383577
Txy_A_A15,585,-87.8988590387,41.972122441,Txy_B_D,648,-87.8972642644,41.9719371288
Txy_M7_003,416,-87.8841967994,41.9704454373,Txy_M7_001,628,-87.884179723,41.9698873056
Txy_M7_001,628,-87.884179723,41.9698873056,Rwy_05_001,722,-87.8841888068,41.9690701703
Txy_S_003,426,-87.8853175766,41.9682654617,Rwy_05_001,722,-87.8841888068,41.9690701703
Txy_F_T11,633,-87.9013087269,41.9665110444,Txy_F_002,504,-87.9012980642,41.9682116484
Rwy_03_002,682,-87.8933831041,41.9828899151,Rwy_03_003,459,-87.8937111058,41.9831762388
Rwy_03_003,459,-87.8937111058,41.9831762388,Rwy_02_03,686,-87.8945164624,41.9838976149
Txy_B_005,632,-87.8942902162,41.978664587,Txy_B_A21,600,-87.8942827659,41.9776320599
Txy_B_A21,600,-87.8942827659,41.9776320599,Txy_B_A20,612,-87.8942935574,41.9758618042
Txy_A_A21,546,-87.8952328778,41.9776466715,Txy_B_A21,600,-87.8942827659,41.9776320599
Ramp_03_037,128,-87.8956850652,41.9754408875,Ramp_03_036,391,-87.8956786093,41.9751219458
Txy_H_005,471,-87.9111262577,41.9828939678,Txy_H_B,118,-87.9098114221,41.9828879393
Txy_H_B,118,-87.9098114221,41.9828879393,Txy_H_A1,643,-87.9086248545,41.9828879696
Txy_B_R,599,-87.9113894695,41.9821224807,Txy_H_B,118,-87.9098114221,41.9828879393
Txy_H_A1,643,-87.9086248545,41.9828879696,Txy_H_A,119,-87.9063241567,41.9828880107
Txy_A_025,116,-87.9079254163,41.9826954051,Txy_H_A,119,-87.9063241567,41.9828880107
Txy_H_A,119,-87.9063241567,41.9828880107,Txy_H_008,470,-87.9049908733,41.9828911488
Txy_M_T,657,-87.9085343407,41.9705232413,Txy_M_M2,509,-87.9048649574,41.970415988
Txy_M_M2,509,-87.9048649574,41.970415988,Txy_F_M,615,-87.901311656,41.9703972601
Txy_M_M2,509,-87.9048649574,41.970415988,Txy_B_M2,507,-87.9047901285,41.9714250535
Txy_M_T,657,-87.9085343407,41.9705232413,Txy_M_002,511,-87.9090691399,41.9705078941
Rwy_06_004,666,-87.9106267283,41.9704358703,Txy_M_002,511,-87.9090691399,41.9705078941
Rwy_05_06,669,-87.9090420224,41.9690262687,Rwy_06_003,422,-87.9098996298,41.969798334
Rwy_06_002,667,-87.9058273452,41.9661762609,Rwy_05_06,669,-87.9090420224,41.9690262687
Txy_F_001,505,-87.9013071463,41.9698633068,Rwy_05_005,670,-87.9013149659,41.9690451683
Rwy_05_005,670,-87.9013149659,41.9690451683,Txy_F_002,504,-87.9012980642,41.9682116484
Rwy_05_005,670,-87.9013149659,41.9690451683,Rwy_05_004,671,-87.8979053731,41.969060731
Rwy_05_004,671,-87.8979053731,41.969060731,Rwy_05_003,672,-87.8911361472,41.9690605418
Txy_M4_001,423,-87.8999632294,41.9698368932,Rwy_05_004,671,-87.8979053731,41.969060731
Txy_M5_001,424,-87.895530001,41.9698878448,Rwy_05_004,671,-87.8979053731,41.969060731
Txy_M6_001,425,-87.8900026614,41.9699167674,Rwy_05_003,672,-87.8911361472,41.9690605418
Rwy_05_003,672,-87.8911361472,41.9690605418,Rwy_05_002,121,-87.8866419675,41.9690706179
Rwy_05_002,121,-87.8866419675,41.9690706179,Rwy_05_001,722,-87.8841888068,41.9690701703
Rwy_05_009,704,-87.920832115,41.9690143572,Rwy_05_008,668,-87.9121255225,41.9690225465
Rwy_05_008,668,-87.9121255225,41.9690225465,Rwy_05_06,669,-87.9090420224,41.9690262687
Rwy_05_06,669,-87.9090420224,41.9690262687,Rwy_05_007,1,-87.9061939538,41.9690425789
Rwy_05_007,1,-87.9061939538,41.9690425789,Rwy_05_006,502,-87.9051485717,41.9690370621
Rwy_05_006,502,-87.9051485717,41.9690370621,Rwy_05_005,670,-87.9013149659,41.9690451683
Txy_T_007,510,-87.9076507846,41.9699427668,Rwy_05_007,1,-87.9061939538,41.9690425789
Rwy_05_007,1,-87.9061939538,41.9690425789,Txy_T_010,503,-87.9052433494,41.9682376503
Rwy_05_006,502,-87.9051485717,41.9690370621,Txy_M3_001,506,-87.9024823838,41.9699186349
Txy_K_005,626,-87.9130440998,41.9698006188,Rwy_05_008,668,-87.9121255225,41.9690225465
Rwy_05_008,668,-87.9121255225,41.9690225465,Txy_K_006,623,-87.9110665409,41.9681606962
Txy_M1_001,421,-87.9208296178,41.9698392906,Rwy_05_009,704,-87.920832115,41.9690143572
Rwy_05_009,704,-87.920832115,41.9690143572,Txy_N1_001,634,-87.9208086751,41.9681027158
Txy_T4_001,0,-87.9216222522,41.9814489162,Txy_T_T3,523,-87.9216294425,41.9821217239
Rwy_06_009,120,-87.9214885449,41.9800901822,Txy_T4_001,0,-87.9216222522,41.9814489162
Txy_Z_003,718,-87.9128960964,41.9855265547,Txy_Z_G,410,-87.9144837553,41.9864700113
Rwy_02_006,451,-87.9049569842,41.9838920088,Rwy_02_007,683,-87.9085713653,41.9838951197
Rwy_02_005,684,-87.9003912759,41.9838980905,Rwy_02_006,451,-87.9049569842,41.9838920088
Txy_H1_001,452,-87.904985286,41.9831048492,Rwy_02_006,451,-87.9049569842,41.9838920088
Gate_02_001,256,-87.9051629151,41.9760704824,Ramp_02_031,91,-87.9049824191,41.9756172755